Cuenta,Ticket,OS,OT,Tipo,Distrito,Cluster,Empresa(proveedor),Usuario instalador,Nombre tecnico,Fecha creacion FFM,Fecha termino,Estatus,Falla,Causa,Solucion
132234458,447126153,OS-66495046,39016232,Soporte,MEXICALI D,HACIENDA REAL,WEB 3,WEBE3MXLT0136,Jose Gustavo Martinez Villa,46300.62958,46300.78132,Terminada,Corte de Fibra/ Preconectorizada / Sin Servicio,Fibra Inducida / Factor Clim√°tico,Cambio de Acometida Unifibra
143725598,446941523,OS-66469555,38991720,Soporte,MEXICALI D,AMPLIACION HACIENDA REAL,TETSI 3,TETM3NTET0111,Maylo Adrian Alvarez Bustamante,46299.73936,46300.56863,Terminada,No Se Encontro Falla,Asesor√≠a uso servicio de Internet,Redes 2.4G y 5G
143408797,446532886,OS-66408470,38940978,Soporte,MEXICALI D,GONZALEZ ORTEGA,WEB 3,WEBM3NTET0119,Juan Carlos Fernandez Mora,46297.7378,46300.47727,Terminada,Corte de Fibra/ Preconectorizada / Sin Servicio,Fibra Inducida / Factor Clim√°tico,Cambio de Acometida Unifibra
143823300,446757520,OS-66439057,38967925,Soporte,MEXICALI D,HACIENDA REAL,TETSI 3,TETM3NTET0111,Maylo Adrian Alvarez Bustamante,46298.73987,46300.47197,Terminada,Corte de Fibra/ Preconectorizada / Sin Servicio,"Mala Instalaci√≥n Unifibra (En Tensor, FO Ahorcada, Trayectoria)",Correccion de Anomalias en Acometida
143238602,446557427,OS-66411056,38943752,Soporte,MEXICALI D,PUEBLO NUEVO,WEB 3,WEBE3MXLT0118,Victor Giovanni Hernandez Mendoza,46297.86705,46300.52718,Terminada,Corte de Fibra/ Preconectorizada / Sin Servicio,"Mala Instalaci√≥n Unifibra (En Tensor, FO Ahorcada, Trayectoria)",Cambio de Acometida Unifibra
142899355,446954531,OS-66484230,39002770,Soporte,MEXICALI D,PUEBLO NUEVO_2_A,WEB 3,WEBE3MXLT0135,Jose Angel Guadalupe Martinez Lopez,46300.37397,46300.47565,Terminada,"Falla Cableado (UTP, Telefonico)","Desgaste de Cableado (Clima, Tiempo de Vida)",Cambio de Cableado UTP/Telef√≥nico
143023038,445492202,OS-66281810,38823268,Soporte,MEXICALI D,AVIACION,ADDNOVATI 3,ADDE3MXLT0101,Luis Carlos Beltran Barraza,46293.75162,46301.49469,Terminada,Falla en Conectores,Falla Conector Prepulido,Cambio Ambos Conectores Prepulidos
143214445,447022480,OS-66486488,39005427,Soporte,MEXICALI D,PUEBLO NUEVO_2_A,WEB 3,WEBE3MXLT0135,Jose Angel Guadalupe Martinez Lopez,46300.42863,46300.5177,Terminada,Falla en Conectores,Falla Conector Prepulido,Cambio Ambos Conectores Prepulidos
125409555,446515664,OS-66425503,38951491,Soporte,MEXICALI D,HACIENDA REAL,WEB 3,WEBE3MXLT0122,Carlos Manuel Moreno Duran,46298.2966,46300.55236,Terminada,Corte de Fibra/ Preconectorizada / Sin Servicio,"Mala Instalaci√≥n Unifibra (En Tensor, FO Ahorcada, Trayectoria)",Cambio de Acometida Unifibra
117188156,446768954,OS-66440028,38968954,Soporte,MEXICALI D,AMPLIACION HACIENDA REAL 3,WEB 3,WEBE3MXLT0116,Erick Rocha Higuera,46298.79073,46300.56794,Terminada,Corte de Fibra/ Preconectorizada / Sin Servicio,Veh√≠culo con Exceso de Dimensiones,Reasignaci√≥n de Splitter 2N (Cambio de Acometida)
142702001,446531752,OS-66408347,38940840,Soporte,MEXICALI D,PUEBLO NUEVO,WEB 3,WEBE3MXLT0124,Julio Cesar Iba√±ez Sanchez,46297.73412,46300.56083,Terminada,No Se Encontro Falla,Asesor√≠a uso servicio de Internet,Redes 2.4G y 5G
141531347,447042203,OS-66487995,39007444,Soporte,MEXICALI D,PUEBLO NUEVO,WEB 3,WEBE3MXLT0124,Julio Cesar Iba√±ez Sanchez,46300.46447,46300.628,Terminada,Corte de Fibra/ Preconectorizada / Sin Servicio,"Da√±o por trabajos de Otro Carrier (incluye Municipio, CFE, etc)",Cambio de Acometida Unifibra
127196104,446765487,OS-66439761,38968680,Soporte,MEXICALI D,AMPLIACION PUEBLO NUEVO,TETSI,TETD1MXLT0104,Omar Chavando Perez,46298.77372,46300.656,Terminada,Corte de Fibra/ Preconectorizada / Sin Servicio,"Da√±o por trabajos de Otro Carrier (incluye Municipio, CFE, etc)",Cambio de Acometida Unifibra
142450634,447084337,OS-66491483,39011718,Soporte,MEXICALI D,AMPLIACION GONZALEZ ORTEGA 4,WEB 3,WEBE3MXLT0133,Samuel Castro Calderon,46300.54198,46300.64944,Terminada,Corte de Fibra/ Preconectorizada / Sin Servicio,"Mala Instalaci√≥n Unifibra (En Tensor, FO Ahorcada, Trayectoria)",Correccion de Anomalias en Acometida
142588479,447190530,OS-66501155,39023425,Soporte,MEXICALI D,PUEBLO NUEVO,TETSI,TETD1MXLT0102,Joel Perez Morales,46300.80578,46301.46155,Terminada,Falla en Conectores,Falla Conector RJ45,Cambio Conector RJ45
115026817,447040833,OS-66488137,39007629,Soporte,MEXICALI D,HACIENDA REAL,WEB 3,WEBE3MXLT0105,David Jaaziel Hernandez Felix,46300.46744,46301.47131,Terminada,Falla en Conectores,Falla Conector RJ45,Cambio Conector RJ45
141840569,447206155,OS-66503007,39025309,Soporte,MEXICALI D,AMPLIACION GONZALEZ ORTEGA,ECO TELECOM 3,ECOM3CX3T0189,Juan Manuel X Montalvo,46300.99622,46301.47456,Terminada,Falla en Conectores,Falla Conector Prepulido,Cambio Conector Prepulido Splitter
142572134,447260197,OS-66517336,39035179,Soporte,MEXICALI D,GONZALEZ ORTEGA,ECO TELECOM 3,ECOM3CX3T0190,Cristopher Suazo Iba√±ez,46301.40068,46301.48554,Terminada,Falla En ONT,Falla Logica / Manipulaci√≥n L√≥gica Imputable Cliente,Reaprovisionamiento ONT
106330946,446251261,OS-66374650,38909167,Soporte,MEXICALI D,GONZALEZ ORTEGA,TETSI 3,TETM3NTET0104,Cesar Ivan Miranda Caudillo,46296.68454,46300.4252,Terminada,Corte de Fibra/ Preconectorizada / Sin Servicio,"Mala Instalaci√≥n Unifibra (En Tensor, FO Ahorcada, Trayectoria)",Correccion de Anomalias en Acometida
143033031,446312130,OS-66379529,38914658,Soporte,MEXICALI D,AVIACION,ECO TELECOM 3,ECOM3CX3T0190,Cristopher Suazo Iba√±ez,46296.89222,46300.45591,Terminada,No Se Encontro Falla,Asesor√≠a servicio Contratado,Validaci√≥n de promociones contratadas
112007712,446726934,OS-66436392,38964796,Soporte,MEXICALI D,UABC,WEB 3,WEBE3MXLT0136,Jose Gustavo Martinez Villa,46298.63902,46300.48196,Terminada,No Se Encontro Falla,Asesor√≠a uso servicio de Internet,Redes 2.4G y 5G
143260056,447002956,OS-66484833,39003474,Soporte,MEXICALI D,PUEBLO NUEVO_2_A,WEB 3,WEBE3MXLT0125,Michael Eliot Gastelo Guitimea,46300.39064,46300.56802,Terminada,Falla En ONT,ONT No Configurada (Sin Servicio),Reaprovisionamiento ONT
143765320,446961650,OS-66471570,38993789,Soporte,MEXICALI D,AMPLIACION GONZALEZ ORTEGA 5,TETSI 3,TETM3NTET0103,Jose Manuel Larreta Romero,46299.92275,46300.51683,Terminada,No Se Encontro Falla,Asesor√≠a uso de servicio de Televisi√≥n,Asesor√≠a del uso del control remoto
141165275,447015603,OS-66485846,39004684,Soporte,MEXICALI D,AMPLIACION GONZALEZ ORTEGA 4,WEB 3,WEBE3MXLT0138,Brian Alberto Castillo Corcoles,46300.415,46300.57653,Terminada,Corte de Fibra/ Preconectorizada / Sin Servicio,Vandalismo,Cambio de Acometida Unifibra
143175235,446545781,OS-66409854,38942495,Soporte,MEXICALI D,AMPLIACION HACIENDA REAL,WEB 3,WEBE3MXLT0121,Francisco Javier Valenzuela Cardenas,46297.79204,46300.5939,Terminada,Falla En ONT,"Da√±o F√≠sico (Descarga El√©ctrica, Insectos, Humedad, otro)",Cambio ONT
140690161,446454754,OS-66402354,38933123,Soporte,MEXICALI D,AMPLIACION HACIENDA REAL,WEB 3,WEBE3MXLT0113,Amel Marcel De Jesus Ponce,46297.56156,46300.57588,Terminada,Corte de Fibra/ Preconectorizada / Sin Servicio,"Mala Instalaci√≥n Unifibra (En Tensor, FO Ahorcada, Trayectoria)",Correccion de Anomalias en Acometida
143514312,446649585,OS-66430182,38957318,Soporte,MEXICALI D,AMPLIACION PUEBLO NUEVO,WEB 3,WEBE3MXLT0135,Jose Angel Guadalupe Martinez Lopez,46298.47182,46300.58303,Terminada,Falla en Conectores,Falla Conector Prepulido,Cambio Ambos Conectores Prepulidos
143446542,446356852,OS-66395394,38924185,Soporte,MEXICALI D,AMPLIACION HACIENDA REAL 4,SLUTEN 3,SLUM3NTET0150,Victor Hugo Manzano Manrique,46297.37115,46300.58553,Terminada,Corte de Fibra/ Preconectorizada / Sin Servicio,Veh√≠culo con Exceso de Dimensiones,Cambio de Trayectoria Acometida
115787276,446996109,OS-66484296,39002844,Soporte,MEXICALI D,AMPLIACION PUEBLO NUEVO,SLUTEN 3,SLUM3NTET0150,Victor Hugo Manzano Manrique,46300.37569,46300.49639,Terminada,Falla en Conectores,Falla Conector Prepulido,Cambio Ambos Conectores Prepulidos
143390887,446541011,OS-66409302,38941912,Soporte,MEXICALI D,PUEBLO NUEVO,WEB 3,WEBE3MXLT0129,Ivan Santos Martinez,46297.76774,46300.61088,Terminada,Corte de Fibra/ Preconectorizada / Sin Servicio,Vandalismo,Cambio de Acometida Unifibra
140610656,447036506,OS-66487507,39006786,Soporte,MEXICALI D,AVIACION,ADDNOVATI 3,ADDM4NTET0101,Diego Santiago Quiroz Gomez,46300.45392,46300.66119,Terminada,Corte de Fibra/ Preconectorizada / Sin Servicio,Veh√≠culo con Exceso de Dimensiones,Cambio de Trayectoria Acometida
143225275,446542917,OS-66409499,38942129,Soporte,MEXICALI D,AMPLIACION GONZALEZ ORTEGA,WEB 3,WEBM3NTET0116,Ariel Rogelio Lara Ordu√±o,46297.77574,46300.53027,Terminada,Corte de Fibra/ Preconectorizada / Sin Servicio,Robo De Puerto,Reconexi√≥n del Cliente Puerto Original
140112757,446529243,OS-66408073,38940507,Soporte,MEXICALI D,PUEBLO NUEVO,TETSI,TETD1MXLT0102,Joel Perez Morales,46297.72593,46300.68468,Terminada,Corte de Fibra/ Preconectorizada / Sin Servicio,"Mala Instalaci√≥n Unifibra (En Tensor, FO Ahorcada, Trayectoria)",Reasignaci√≥n de Splitter 2N (Cambio de Acometida)
106276591,446761738,OS-66439473,38968375,Soporte,MEXICALI D,HACIENDA REAL,TETSI 3,TETM3NTET0110,Francisco Javier Rojas Martinez,46298.75861,46300.69111,Terminada,Falla En ONT,"Da√±o F√≠sico (Descarga El√©ctrica, Insectos, Humedad, otro)",Cambio ONT
141760479,446772671,OS-66440318,38969252,Soporte,MEXICALI D,PUEBLO NUEVO,SLUTEN 3,SLUM3NTET0148,Bryan Jovany Delgado Cordero,46298.81015,46300.87644,Terminada,Falla en Conectores,Falla Conector Prepulido,Cambio Ambos Conectores Prepulidos
200527068,447104458,OS-66493132,39013851,Empresarial,MEXICALI D,AMPLIACION GONZALEZ ORTEGA 2,WEB 3,WEBE3MXLT0100,Carlos Alberto Rodeles Orozco,46300.58281,46300.77567,Terminada,Falla en Conectores,Falla Conector Prepulido,Cambio Conector Prepulido Splitter
121468766,447158410,OS-66498043,39019950,Soporte,MEXICALI D,AMPLIACION PUEBLO NUEVO,WEB 3,WEBE3MXLT0105,David Jaaziel Hernandez Felix,46300.70078,46300.81939,Terminada,Falla En ONT,Falla Red Wifi ONT,Configuraci√≥n De Equipo
141286422,446906864,OS-66484855,39003510,Soporte,MEXICALI D,HACIENDA REAL,TETSI 3,TETM3NTET0111,Maylo Adrian Alvarez Bustamante,46300.3916,46300.54615,Terminada,Falla En ONT,Falla En Puerto √ìptico,Cambio ONT
105648891,446617208,OS-66428030,38954712,Soporte,MEXICALI D,GONZALEZ ORTEGA,TETSI 3,TETM3NTET0103,Jose Manuel Larreta Romero,46298.4077,46300.43428,Terminada,No Se Encontro Falla,Asesor√≠a servicio Contratado,Validaci√≥n de velocidad contratada
110483940,447054440,OS-66488953,39008642,Soporte,MEXICALI D,GONZALEZ ORTEGA,WEB 3,WEBE3MXLT0116,Erick Rocha Higuera,46300.4853,46300.65536,Terminada,Falla En ONT,Falla Red Wifi ONT,Cambio ONT
141875008,446659165,OS-66430749,38958011,Soporte,MEXICALI D,AMPLIACION PUEBLO NUEVO,WEB 3,WEBM3NTET0114,Jose Luis Pinto Castro,46298.48779,46301.50188,Terminada,Falla En ONT,ONT No Configurada (Sin Servicio),Cambio ONT
141743242,446704692,OS-66434251,38962277,Soporte,MEXICALI D,AMPLIACION GONZALEZ ORTEGA,TETSI 3,TETM3NTET0103,Jose Manuel Larreta Romero,46298.57868,46300.68505,Terminada,Corte de Fibra/ Preconectorizada / Sin Servicio,"Mala Instalaci√≥n Unifibra (En Tensor, FO Ahorcada, Trayectoria)",Correccion de Anomalias en Acometida
143438068,447104705,OS-66493099,39013808,Soporte,MEXICALI D,HACIENDA REAL,TETSI,TETD1MXLT0101,Carlos Alberto Arzate Oliva,46300.58186,46301.4835,Terminada,Falla En ONT,ONT No Configurada (Sin Servicio),Reaprovisionamiento ONT
110284728,447000067,OS-66484624,39003224,Soporte,MEXICALI D,AMPLIACION HACIENDA REAL,TETSI,TETD1MXLT0102,Joel Perez Morales,46300.38468,46300.5211,Terminada,No Se Encontro Falla,Asesor√≠a uso servicio de Internet,Redes 2.4G y 5G
108351285,446770967,OS-66440212,38969140,Soporte,MEXICALI D,GONZALEZ ORTEGA,TETSI 3,TETM3NTET0104,Cesar Ivan Miranda Caudillo,46298.80209,46300.75912,Terminada,Falla En ONT,ONT No Configurada (Sin Servicio),Reaprovisionamiento ONT
143510581,446548052,OS-66410040,38942687,Soporte,MEXICALI D,AVIACION,WEB 3,WEBE3MXLT0136,Jose Gustavo Martinez Villa,46297.79955,46300.43215,Terminada,No Se Encontro Falla,Asesor√≠a uso servicio de Internet,Redes 2.4G y 5G
132735002,447042226,OS-66488068,39007548,Soporte,MEXICALI D,AMPLIACION GONZALEZ ORTEGA 8,WEB 3,WEBE3MXLT0133,Samuel Castro Calderon,46300.46618,46300.59972,Terminada,Corte de Fibra/ Preconectorizada / Sin Servicio,"Mala Instalaci√≥n Unifibra (En Tensor, FO Ahorcada, Trayectoria)",Correccion de Anomalias en Acometida
111195627,446057838,OS-66362015,38893076,Soporte,MEXICALI D,AMPLIACION HACIENDA REAL 5,TETSI 3,TETM3NTET0110,Francisco Javier Rojas Martinez,46296.30566,46300.53542,Terminada,Corte de Fibra/ Preconectorizada / Sin Servicio,"Mala Instalaci√≥n Unifibra (En Tensor, FO Ahorcada, Trayectoria)",Correccion de Anomalias en Acometida
117244418,446649354,OS-66430134,38957284,Soporte,MEXICALI D,PUEBLO NUEVO,WEB 3,WEBE3MXLT0119,Esteban Velasquez Balcazar,46298.47089,46300.56098,Terminada,No Se Encontro Falla,Asesor√≠a uso servicio de Internet,Redes 2.4G y 5G
128431568,447133883,OS-66495824,39017253,Soporte,MEXICALI D,AMPLIACION HACIENDA REAL,ECO TELECOM,ECOD1MXLT0103,Angel Eufemio Vazquez Villa,46300.64743,46300.79201,Terminada,No Se Encontro Falla,Asesor√≠a uso servicio de Internet,Redes 2.4G y 5G
142552563,446678079,OS-66432161,38959728,Soporte,MEXICALI D,AMPLIACION HACIENDA REAL 3,WEB 3,WEBE3MXLT0133,Samuel Castro Calderon,46298.52169,46300.53249,Terminada,Corte de Fibra/ Preconectorizada / Sin Servicio,"Mala Instalaci√≥n Unifibra (En Tensor, FO Ahorcada, Trayectoria)",Correccion de Anomalias en Acometida
143702424,446997511,OS-66484426,39002995,Soporte,MEXICALI D,HACIENDA REAL,TETSI,TETD1MXLT0104,Omar Chavando Perez,46300.37888,46300.54021,Terminada,Corte de Fibra/ Preconectorizada / Sin Servicio,"Da√±o por trabajos de Otro Carrier (incluye Municipio, CFE, etc)",Cambio de Acometida Unifibra
120854582,447011230,OS-66485527,39004299,Soporte,MEXICALI D,UABC,ECO TELECOM 3,ECOM3CX3T0190,Cristopher Suazo Iba√±ez,46300.40779,46300.56508,Terminada,Corte de Fibra/ Preconectorizada / Sin Servicio,"Mala Instalaci√≥n Unifibra (En Tensor, FO Ahorcada, Trayectoria)",Correccion de Anomalias en Acometida
106637329,446895640,OS-66470038,38992230,Soporte,MEXICALI D,PUEBLO NUEVO,WEB 3,WEBE3MXLT0121,Francisco Javier Valenzuela Cardenas,46299.76845,46300.79459,Terminada,Falla En ONT,Falla En Puerto √ìptico,Limpieza de Puerto Optico
140654828,446938059,OS-66484588,39003214,Soporte,MEXICALI D,AMPLIACION HACIENDA REAL 3,WEB 3,WEBE3MXLT0127,Eduardo Luis Ruiz Valenzuela,46300.38442,46300.58253,Terminada,Corte de Fibra/ Preconectorizada / Sin Servicio,"Da√±o por trabajos de Otro Carrier (incluye Municipio, CFE, etc)",Cambio de Acometida Unifibra
143783177,447045851,OS-66488281,39007806,Soporte,MEXICALI D,GONZALEZ ORTEGA_7_A,TETSI 3,TETM3NTET0103,Jose Manuel Larreta Romero,46300.47039,46300.57894,Terminada,Corte de Fibra/ Preconectorizada / Sin Servicio,"Mala Instalaci√≥n Unifibra (En Tensor, FO Ahorcada, Trayectoria)",Correccion de Anomalias en Acometida
142992482,446785956,OS-66441643,38970595,Soporte,MEXICALI D,AMPLIACION HACIENDA REAL 4,WEB 3,WEBE3MXLT0109,Alejandro Daniel Gil Gutierrez,46298.98766,46300.60843,Terminada,Corte de Fibra/ Preconectorizada / Sin Servicio,"Mala Instalaci√≥n Unifibra (En Tensor, FO Ahorcada, Trayectoria)",Correccion de Anomalias en Acometida
104026511,447057246,OS-66489160,39008875,Soporte,MEXICALI D,GONZALEZ ORTEGA,WEB 3,WEBM3NTET0116,Ariel Rogelio Lara Ordu√±o,46300.48992,46300.62781,Terminada,Corte de Fibra/ Preconectorizada / Sin Servicio,"Da√±o por trabajos de Otro Carrier (incluye Municipio, CFE, etc)",Cambio de Acometida Unifibra
103661758,446315860,OS-66393365,38921599,Soporte,MEXICALI D,HACIENDA REAL,TETSI,TETD1MXLT0102,Joel Perez Morales,46297.1805,46300.78682,Terminada,Corte de Fibra/ Preconectorizada / Sin Servicio,"Mala Instalaci√≥n Unifibra (En Tensor, FO Ahorcada, Trayectoria)",Reasignaci√≥n de Splitter 2N (Cambio de Acometida)
143190687,447157920,OS-66498000,39019895,Soporte,MEXICALI D,GONZALEZ ORTEGA,TETSI,TETD1MXLT0103,Jose Luis Perez Morales,46300.69975,46300.8217,Terminada,Falla En ONT,"Manipulaci√≥n F√≠sica Imputable Cliente (Accidente, Descuido)",Limpieza de Puerto Optico
140246340,447069074,OS-66490248,39010247,Soporte,MEXICALI D,PUEBLO NUEVO,ADDNOVATI 3,ADDE3MXLT0111,Cecilio Josue Moreno Cortez,46300.51348,46300.6191,Terminada,Falla en Conectores,Falla Conector Prepulido,Cambio Conector Prepulido ONT
142352544,447095456,OS-66492395,39012926,Soporte,MEXICALI D,HACIENDA REAL,ADDNOVATI 3,ADDE3MXLT0111,Cecilio Josue Moreno Cortez,46300.5642,46300.7139,Terminada,Falla en Conectores,Falla Conector Prepulido,Cambio Conector Prepulido ONT
142279651,446613205,OS-66427781,38954394,Soporte,MEXICALI D,HACIENDA REAL,WEB 3,WEBE3MXLT0114,Erick¬†Jaaciell Razo Murguia,46298.39818,46301.49479,Terminada,No Se Encontro Falla,Asesor√≠a uso servicio de Internet,Redes 2.4G y 5G
134686705,446311790,OS-66379478,38914608,Soporte,MEXICALI D,HACIENDA REAL,WEB 3,WEBE3MXLT0119,Esteban Velasquez Balcazar,46296.88737,46300.51396,Terminada,Corte de Fibra/ Preconectorizada / Sin Servicio,Veh√≠culo con Exceso de Dimensiones,Reasignaci√≥n de Splitter 2N (Cambio de Acometida)
143812114,446771536,OS-66457827,38981554,Soporte,MEXICALI D,PUEBLO NUEVO,SLUTEN 3,SLUM3NTET0149,Felipe Hernandez Llamas,46299.42966,46300.74043,Terminada,Corte de Fibra/ Preconectorizada / Sin Servicio,Veh√≠culo con Exceso de Dimensiones,Cambio de Trayectoria Acometida
143491987,447134342,OS-66495864,39017302,Soporte,MEXICALI D,PUEBLO NUEVO_A,ECO TELECOM 3,ECOM3CX3T0189,Juan Manuel X Montalvo,46300.64848,46300.82306,Terminada,Corte de Fibra/ Preconectorizada / Sin Servicio,"Da√±o por trabajos de Otro Carrier (incluye Municipio, CFE, etc)",Cambio de Acometida Unifibra
104087403,446785770,OS-66441619,38970571,Soporte,MEXICALI D,AVIACION,ADDNOVATI 3,ADDM4NTET0100,Rogelio Cervantes Alvarado,46298.97245,46300.49015,Terminada,Falla en Wifi Extender,Falla Puerto Ethernet,Cambio Wifi Extender
104963190,446958067,OS-66484654,39003355,Soporte,MEXICALI D,UABC,ADDNOVATI 3,ADDE3MXLT0112,Angel Eduardo Velasquez Silva,46300.38759,46300.51244,Terminada,Falla En ONT,Falla En Puerto √ìptico,Cambio ONT
143315857,446465259,OS-66403053,38934091,Soporte,MEXICALI D,PUEBLO NUEVO_2_A,SLUTEN 3,SLUM3NTET0148,Bryan Jovany Delgado Cordero,46297.58403,46300.59266,Terminada,Falla en Conectores,Falla Conector Prepulido,Cambio Ambos Conectores Prepulidos
123543971,446777015,OS-66440679,38969617,Soporte,MEXICALI D,GONZALEZ ORTEGA,TETSI,TETD1MXLT0105,Daniel Esteban Moscos Rodriguez,46298.83921,46300.47477,Terminada,Falla En ONT,Falla Red Wifi ONT,Reaprovisionamiento ONT
142909097,446314479,OS-66379862,38915011,Soporte,MEXICALI D,PUEBLO NUEVO_2_A,TETSI,TETD1MXLT0104,Omar Chavando Perez,46296.93807,46300.47016,Terminada,Corte de Fibra/ Preconectorizada / Sin Servicio,Splitter Atenuado / Sin Potencia / Splitter en Mal Estado,Atenci√≥n de Planta Externa (Mismo Splitter)
111621209,446028826,OS-66346671,38884507,Soporte,MEXICALI D,AMPLIACION PUEBLO NUEVO,WEB 3,WEBE3MXLT0109,Alejandro Daniel Gil Gutierrez,46295.82497,46300.48073,Terminada,Corte de Fibra/ Preconectorizada / Sin Servicio,Vandalismo,Reasignaci√≥n de Splitter 2N (Cambio de Acometida)
143153711,446828482,OS-66461471,38985854,Soporte,MEXICALI D,AVIACION,ECO TELECOM 3,ECOM3CX3T0188,Jose Sixto Perez Ramirez,46299.54935,46300.47544,Terminada,Falla En ONT,Falla En Fuente De Poder,Cambio de Fuente de Poder
112244108,447108911,OS-66493419,39014207,Soporte,MEXICALI D,PUEBLO NUEVO,ADDNOVATI 3,ADDE3MXLT0111,Cecilio Josue Moreno Cortez,46300.59045,46300.80302,Terminada,Corte de Fibra/ Preconectorizada / Sin Servicio,Vandalismo,Cambio de Acometida Unifibra
141898842,447169637,OS-66498957,39021056,Soporte,MEXICALI D,AMPLIACION PUEBLO NUEVO,TETSI,TETD1MXLT0102,Joel Perez Morales,46300.72683,46300.84447,Terminada,Corte de Fibra/ Preconectorizada / Sin Servicio,"Mala Instalaci√≥n Unifibra (En Tensor, FO Ahorcada, Trayectoria)",Correccion de Anomalias en Acometida
143095669,446430742,OS-66400607,38930728,Soporte,MEXICALI D,UABC,ADDNOVATI 3,ADDE3MXLT0107,Jose Maria Salas Carrazco,46297.51604,46300.45325,Terminada,Corte de Fibra/ Preconectorizada / Sin Servicio,Veh√≠culo con Exceso de Dimensiones,Cambio de Trayectoria Acometida
119436638,446610276,OS-66427642,38954234,Soporte,MEXICALI D,AMPLIACION HACIENDA REAL,TETSI,TETD1MXLT0102,Joel Perez Morales,46298.39363,46300.47325,Terminada,Corte de Fibra/ Preconectorizada / Sin Servicio,"Mala Instalaci√≥n Unifibra (En Tensor, FO Ahorcada, Trayectoria)",Reasignaci√≥n de Splitter 2N (Cambio de Acometida)
143059571,446939902,OS-66482934,39001053,Soporte,MEXICALI D,GONZALEZ ORTEGA,TETSI 3,TETM3NTET0103,Jose Manuel Larreta Romero,46300.3287,46300.46943,Terminada,Falla En STB,"Da√±o F√≠sico (Descarga El√©ctrica, Insectos, Humedad, otro)",Cambio STB
116752230,446441640,OS-66401247,38931644,Soporte,MEXICALI D,AVIACION,ECO TELECOM,ECOD1MXLT0103,Angel Eufemio Vazquez Villa,46297.53309,46300.48659,Terminada,Corte de Fibra/ Preconectorizada / Sin Servicio,Veh√≠culo con Exceso de Dimensiones,Cambio de Trayectoria Acometida
143692845,446622299,OS-66430520,38957721,Soporte,MEXICALI D,PUEBLO NUEVO,TETSI,TETD1MXLT0102,Joel Perez Morales,46298.48139,46300.59488,Terminada,Falla En ONT,Falla En Puerto √ìptico,Cambio ONT
142767608,447062160,OS-66489596,39009404,Soporte,MEXICALI D,PUEBLO NUEVO,TETSI 3,TETM3NTET0111,Maylo Adrian Alvarez Bustamante,46300.49897,46300.77898,Terminada,Corte de Fibra/ Preconectorizada / Sin Servicio,"Mala Instalaci√≥n Unifibra (En Tensor, FO Ahorcada, Trayectoria)",Correccion de Anomalias en Acometida
104337518,447241204,OS-66515837,39033221,Soporte,MEXICALI D,UABC,ADDNOVATI 3,ADDE3MXLT0111,Cecilio Josue Moreno Cortez,46301.35693,46301.4566,Terminada,Falla en Conectores,Falla Conector Prepulido,Cambio Conector Prepulido ONT
140603512,446648640,OS-66430094,38957220,Soporte,MEXICALI D,AMPLIACION AVIACION,ECO TELECOM 3,ECOM3CX3T0191,Edgar Jose Castrejon Contreras,46298.46899,46300.42569,Terminada,Falla En STB,Falla Puerto HDMI,Cambio de Cable HDMI
143792033,446499607,OS-66408689,38941229,Soporte,MEXICALI D,AVIACION,ADDNOVATI 3,ADDM4NTET0101,Diego Santiago Quiroz Gomez,46297.74508,46300.4298,Terminada,Falla En STB,Falla Puerto HDMI,Cambio de Cable HDMI
103960302,446312950,OS-66379684,38914818,Soporte,MEXICALI D,AVIACION,ECO TELECOM 3,ECOM3CX3T0188,Jose Sixto Perez Ramirez,46296.90541,46300.44234,Terminada,Falla En ONT,ONT No Configurada (Sin Servicio),Cambio ONT
143358053,447119143,OS-66494396,39015396,Soporte,MEXICALI D,GONZALEZ ORTEGA,ECO TELECOM 3,ECOM3CX3T0188,Jose Sixto Perez Ramirez,46300.61297,46301.48278,Terminada,Corte de Fibra/ Preconectorizada / Sin Servicio,Robo De Puerto,Reconexi√≥n del Cliente Puerto Original
143041956,447046231,OS-66488304,39007837,Soporte,MEXICALI D,UABC,ECO TELECOM 3,ECOM3CX3T0189,Juan Manuel X Montalvo,46300.47106,46300.61405,Terminada,Corte de Fibra/ Preconectorizada / Sin Servicio,"Da√±o por trabajos de Otro Carrier (incluye Municipio, CFE, etc)",Cambio de Acometida Unifibra
140443299,447066538,OS-66489998,39009891,Soporte,MEXICALI D,PUEBLO NUEVO,WEB 3,WEBE3MXLT0119,Esteban Velasquez Balcazar,46300.50781,46300.61738,Terminada,Corte de Fibra/ Preconectorizada / Sin Servicio,"Mala Instalaci√≥n Unifibra (En Tensor, FO Ahorcada, Trayectoria)",Reasignaci√≥n de Splitter 2N (Cambio de Acometida)
121762026,446890729,OS-66484814,39003468,Soporte,MEXICALI D,AVIACION,ECO TELECOM 3,ECOM3CX3T0191,Edgar Jose Castrejon Contreras,46300.39054,46300.6311,Terminada,Corte de Fibra/ Preconectorizada / Sin Servicio,Poda de Arboles,Cambio de Acometida Unifibra
106265118,446946344,OS-66469986,38992178,Soporte,MEXICALI D,GONZALEZ ORTEGA,TETSI,TETD1MXLT0103,Jose Luis Perez Morales,46299.76534,46300.64918,Terminada,Corte de Fibra/ Preconectorizada / Sin Servicio,"Mala Instalaci√≥n Unifibra (En Tensor, FO Ahorcada, Trayectoria)",Correccion de Anomalias en Acometida
140540808,446956051,OS-66470842,38993051,Soporte,MEXICALI D,PUEBLO NUEVO,WEB 3,WEBE3MXLT0106,Benjamin Mancio Nunez,46299.8317,46300.63167,Terminada,Corte de Fibra/ Preconectorizada / Sin Servicio,"Da√±o por trabajos de Otro Carrier (incluye Municipio, CFE, etc)",Cambio de Acometida Unifibra
105556749,382095214,OS-66471322,38993536,Soporte,MEXICALI D,AMPLIACION PUEBLO NUEVO,SLUTEN 3,SLUM3NTET0148,Bryan Jovany Delgado Cordero,46299.88611,46300.71262,Terminada,Falla En ONT,"Da√±o F√≠sico (Descarga El√©ctrica, Insectos, Humedad, otro)",Cambio ONT
128769807,447114630,OS-66493921,39014817,Soporte,MEXICALI D,GONZALEZ ORTEGA,ECO TELECOM 3,ECOM3NTET0143,Hector Giovanni Salcedo Garcia,46300.60255,46300.87838,Terminada,Falla en Conectores,Falla Conector Prepulido,Cambio Ambos Conectores Prepulidos
113303330,447159949,OS-66498177,39020117,Soporte,MEXICALI D,PUEBLO NUEVO,SLUTEN 3,SLUM3NTET0149,Felipe Hernandez Llamas,46300.70383,46300.89326,Terminada,Corte de Fibra/ Preconectorizada / Sin Servicio,"Mala Instalaci√≥n Unifibra (En Tensor, FO Ahorcada, Trayectoria)",Cambio de Acometida Unifibra
103859640,447043407,OS-66488085,39007568,Soporte,MEXICALI D,GONZALEZ ORTEGA,WEB 3,WEBE3MXLT0139,Maxi Yadimir Gonzalez Puebla,46300.46655,46300.63767,Terminada,Corte de Fibra/ Preconectorizada / Sin Servicio,"Da√±o por trabajos de Otro Carrier (incluye Municipio, CFE, etc)",Cambio de Acometida Unifibra
120555204,446945084,OS-66469871,38992061,Soporte,MEXICALI D,PUEBLO NUEVO,WEB 3,WEBE3MXLT0136,Jose Gustavo Martinez Villa,46299.75828,46300.67029,Terminada,Corte de Fibra/ Preconectorizada / Sin Servicio,Poda de Arboles,Cambio de Acometida Unifibra
118515332,446984656,OS-66483420,39001772,Soporte,MEXICALI D,GONZALEZ ORTEGA,WEB 3,WEBM3NTET0114,Jose Luis Pinto Castro,46300.349,46300.65977,Terminada,Falla En ONT,Falla En Puerto √ìptico,Limpieza de Puerto Optico
143847078,NA,OS-66468442,38990437,Instalaci√≥n,MEXICALI D,PUEBLO NUEVO,WEB 3,WEBE3MXLT0121,Francisco Javier Valenzuela Cardenas,46299.68434,46300.87144,Terminada,NA,NA,NA
Hallazgos,1,NA,39014140,Mantenimiento Mayor,MEXICALI D,PUEBLO NUEVO,ECO TELECOM 3,ECOMTMXLT1009,Kevin Jasciel Villarreal Montes,46300.58905,46300.79483,Terminada,NA,NA,NA
Hallazgos,1,NA,39014129,Mantenimiento Mayor,MEXICALI D,PUEBLO NUEVO,ECO TELECOM 3,ECOMTMXLT1006,Rodrigo Ramses Delgadillo Ochoa,46300.58895,46300.78626,Terminada,NA,NA,NA
Hallazgos,1,NA,39003091,Mantenimiento Mayor,MEXICALI D,PUEBLO NUEVO,ECO TELECOM 3,ECOMTMXLT1009,Kevin Jasciel Villarreal Montes,46300.38133,46300.57569,Terminada,NA,NA,NA
Hallazgos,1,NA,39003084,Mantenimiento Mayor,MEXICALI D,PUEBLO NUEVO,ECO TELECOM 3,ECOMTMXLT1006,Rodrigo Ramses Delgadillo Ochoa,46300.38126,46300.57544,Terminada,NA,NA,NA
143851978,NA,OS-66491902,39012314,Instalaci√≥n,MEXICALI D,HACIENDA REAL,WEB 3,WEBM3NTET0116,Ariel Rogelio Lara Ordu√±o,46300.55231,46301.50451,Terminada,NA,NA,NA
143851911,NA,OS-66493851,39014733,Instalaci√≥n,MEXICALI D,GONZALEZ ORTEGA_6_A,WEB 3,WEBM3NTET0114,Jose Luis Pinto Castro,46300.60057,46300.80821,Terminada,NA,NA,NA
143854180,NA,OS-66497485,39019307,Instalaci√≥n,MEXICALI D,AMPLIACION HACIENDA REAL,WEB 3,WEBM3NTET0115,Victor Manuel De La Cruz Rodriguez,46300.68764,46301.45208,Terminada,NA,NA,NA
143852656,NA,OS-66493059,39013758,Instalaci√≥n,MEXICALI D,AMPLIACION HACIENDA REAL 3,WEB 3,WEBM3NTET0115,Victor Manuel De La Cruz Rodriguez,46300.58087,46300.75694,Terminada,NA,NA,NA
143847869,NA,OS-66468733,38990783,Instalaci√≥n,MEXICALI D,GONZALEZ ORTEGA_7_A,WEB 3,WEBM3NTET0115,Victor Manuel De La Cruz Rodriguez,46299.69794,46300.46395,Terminada,NA,NA,NA
143848914,NA,OS-66471331,38993545,Instalaci√≥n,MEXICALI D,HACIENDA REAL,WEB 3,WEBM3NTET0115,Victor Manuel De La Cruz Rodriguez,46299.88692,46300.81921,Terminada,NA,NA,NA
143851442,NA,OS-66490767,39010844,Instalaci√≥n,MEXICALI D,HACIENDA REAL,WEB 3,WEBM3NTET0115,Victor Manuel De La Cruz Rodriguez,46300.52486,46300.68894,Terminada,NA,NA,NA
143848985,NA,OS-66471625,38993840,Instalaci√≥n,MEXICALI D,AMPLIACION PUEBLO NUEVO,WEB 3,WEBE3MXLT0123,Alejandro Aveda√±o Zaragoza,46299.93914,46300.48782,Terminada,NA,NA,NA
143831421,NA,OS-66372111,38906029,Instalaci√≥n,MEXICALI D,GONZALEZ ORTEGA,WEB 3,WEBE3MXLT0123,Alejandro Aveda√±o Zaragoza,46296.60914,46300.68647,Terminada,NA,NA,NA
143853240,NA,OS-66494564,39016690,Instalaci√≥n,MEXICALI D,GONZALEZ ORTEGA_6_A,WEB 3,WEBE3MXLT0123,Alejandro Aveda√±o Zaragoza,46300.63815,46300.80451,Terminada,NA,NA,NA
143847600,NA,OS-66468333,38990307,Instalaci√≥n,MEXICALI D,AMPLIACION HACIENDA REAL 3,WEB 3,WEBM3NTET0116,Ariel Rogelio Lara Ordu√±o,46299.67832,46300.78531,Terminada,NA,NA,NA
143850341,NA,OS-66486532,39005493,Instalaci√≥n,MEXICALI D,AVIACION,WEB 3,WEBM3NTET0114,Jose Luis Pinto Castro,46300.42959,46300.57291,Terminada,NA,NA,NA
143853070,NA,OS-66494542,39015586,Instalaci√≥n,MEXICALI D,AMPLIACION GONZALEZ ORTEGA 2,WEB 3,WEBM3NTET0114,Jose Luis Pinto Castro,46300.61675,46300.7517,Terminada,NA,NA,NA
143847251,NA,OS-66465097,38988311,Instalaci√≥n,MEXICALI D,PUEBLO NUEVO,WEB 3,WEBM3NTET0114,Jose Luis Pinto Castro,46299.61079,46300.4767,Terminada,NA,NA,NA
Hallazgos,1,NA,39024506,Mantenimiento Menor,MEXICALI D,GONZALEZ ORTEGA_7_A,WEB 3,WEBE3MXLT0125,Michael Eliot Gastelo Guitimea,46300.86523,46300.93296,Terminada,NA,NA,NA
Hallazgos,1,NA,39023615,Mantenimiento Menor,MEXICALI D,GONZALEZ ORTEGA_7_A,WEB 3,WEBE3MXLT0125,Michael Eliot Gastelo Guitimea,46300.81542,46300.87485,Terminada,NA,NA,NA
Hallazgos,1,NA,39024513,Mantenimiento Menor,MEXICALI D,GONZALEZ ORTEGA_7_A,WEB 3,WEBE3MXLT0125,Michael Eliot Gastelo Guitimea,46300.86546,46300.90953,Terminada,NA,NA,NA
Hallazgos,1,NA,39024510,Mantenimiento Menor,MEXICALI D,GONZALEZ ORTEGA_7_A,WEB 3,WEBE3MXLT0124,Julio Cesar Iba√±ez Sanchez,46300.86536,46300.91207,Terminada,NA,NA,NA
Hallazgos,1,NA,39023616,Mantenimiento Menor,MEXICALI D,GONZALEZ ORTEGA_7_A,WEB 3,WEBE3MXLT0124,Julio Cesar Iba√±ez Sanchez,46300.81549,46300.93394,Terminada,NA,NA,NA
143850553,NA,OS-66487927,39007358,Instalaci√≥n,MEXICALI D,PUEBLO NUEVO,WEB 3,WEBE3MXLT0113,Amel Marcel De Jesus Ponce,46300.46286,46300.72001,Terminada,NA,NA,NA
143853995,NA,OS-66497142,39018904,Instalaci√≥n,MEXICALI D,AMPLIACION PUEBLO NUEVO,WEB 3,WEBE3MXLT0113,Amel Marcel De Jesus Ponce,46300.68028,46301.4511,Terminada,NA,NA,NA
143853255,NA,OS-66494686,39015777,Instalaci√≥n,MEXICALI D,PUEBLO NUEVO_3_A,WEB 3,WEBE3MXLT0113,Amel Marcel De Jesus Ponce,46300.62079,46300.78072,Terminada,NA,NA,NA
143852737,NA,OS-66494683,39015772,Instalaci√≥n,MEXICALI D,HACIENDA REAL,WEB 3,WEBE3MXLT0122,Carlos Manuel Moreno Duran,46300.62067,46301.4613,Terminada,NA,NA,NA
143827199,NA,OS-66346177,38883991,Instalaci√≥n,MEXICALI D,GONZALEZ ORTEGA,WEB 3,WEBE3MXLT0111,Jose¬†Antonio Baltierra Espino,46295.79903,46300.48485,Terminada,NA,NA,NA
143843797,NA,OS-66438608,38967443,Instalaci√≥n,MEXICALI D,GONZALEZ ORTEGA,WEB 3,WEBE3MXLT0111,Jose¬†Antonio Baltierra Espino,46298.72012,46300.78766,Terminada,NA,NA,NA
143848142,NA,OS-66468721,38990771,Instalaci√≥n,MEXICALI D,GONZALEZ ORTEGA_A,WEB 3,WEBE3MXLT0111,Jose¬†Antonio Baltierra Espino,46299.69733,46300.57892,Terminada,NA,NA,NA
143848111,NA,OS-66468504,38990508,Instalaci√≥n,MEXICALI D,AMPLIACION UABC 2,WEB 3,WEBE3MXLT0109,Alejandro Daniel Gil Gutierrez,46299.68671,46300.73135,Terminada,NA,NA,NA
143852026,NA,OS-66491373,39011573,Instalaci√≥n,MEXICALI D,AMPLIACION HACIENDA REAL 3,WEB 3,WEBE3MXLT0116,Erick Rocha Higuera,46300.5392,46300.83012,Terminada,NA,NA,NA
143852869,NA,OS-66494092,39015025,Instalaci√≥n,MEXICALI D,PUEBLO NUEVO,WEB 3,WEBE3MXLT0119,Esteban Velasquez Balcazar,46300.60572,46300.86222,Terminada,NA,NA,NA
143718326,445726292,OS-66310333,38849507,Cambio De Plan,MEXICALI D,AMPLIACION HACIENDA REAL,WEB 3,WEBE3MXLT0113,Amel Marcel De Jesus Ponce,46294.66898,46300.46416,Terminada,NA,NA,NA
142223718,447083148,OS-66491534,39011791,Cambio De Domicilio,MEXICALI D,AMPLIACION HACIENDA REAL,WEB 3,WEBE3MXLT0122,Carlos Manuel Moreno Duran,46300.54331,46300.7203,Terminada,NA,NA,NA
105510447,446397440,OS-66398139,38927602,Addons,MEXICALI D,PUEBLO NUEVO,WEB 3,WEBE3MXLT0109,Alejandro Daniel Gil Gutierrez,46297.45341,46300.54532,Terminada,NA,NA,NA
200338571,1,NA,39022735,Hallazgo Empresarial,MEXICALI D,AMPLIACION GONZALEZ ORTEGA 2,WEB 3,WEBE3MXLT0118,Victor Giovanni Hernandez Mendoza,46300.77453,46300.83523,Terminada,NA,NA,NA
200338571,1,NA,39022742,Hallazgo Empresarial,MEXICALI D,AMPLIACION GONZALEZ ORTEGA 2,WEB 3,WEBE3MXLT0118,Victor Giovanni Hernandez Mendoza,46300.77481,46300.83547,Terminada,NA,NA,NA
143850882,NA,OS-66488502,39008075,Instalaci√≥n,MEXICALI D,GONZALEZ ORTEGA_6_A,ECO TELECOM 3,ECOM3NTET0143,Hector Giovanni Salcedo Garcia,46300.47546,46300.61971,Terminada,NA,NA,NA
143849877,NA,OS-66488523,39008099,Instalaci√≥n,MEXICALI D,UABC,ADDNOVATI 3,ADDM4NTET0100,Rogelio Cervantes Alvarado,46300.47569,46300.78509,Terminada,NA,NA,NA
143847483,NA,OS-66466812,38988485,Instalaci√≥n,MEXICALI D,PUEBLO NUEVO,WEB 3,WEBE3MXLT0135,Jose Angel Guadalupe Martinez Lopez,46299.61693,46300.43697,Terminada,NA,NA,NA
143851341,NA,OS-66491895,39012306,Instalaci√≥n,MEXICALI D,PUEBLO NUEVO,TETSI,TETD1MXLT0103,Jose Luis Perez Morales,46300.55209,46301.47645,Terminada,NA,NA,NA
143849442,NA,OS-66489642,39009455,Instalaci√≥n,MEXICALI D,GONZALEZ ORTEGA,TETSI,TETD1MXLT0105,Daniel Esteban Moscos Rodriguez,46300.4998,46300.61593,Terminada,NA,NA,NA
143846723,NA,OS-66462765,38987410,Instalaci√≥n,MEXICALI D,UABC,ECO TELECOM 3,ECOM3CX3T0189,Juan Manuel X Montalvo,46299.59855,46300.53344,Terminada,NA,NA,NA
143854137,NA,OS-66496918,39018628,Instalaci√≥n,MEXICALI D,AMPLIACION GONZALEZ ORTEGA 6,ECO TELECOM 3,ECOM3CX3T0191,Edgar Jose Castrejon Contreras,46300.67502,46301.49221,Terminada,NA,NA,NA
143848080,NA,OS-66469944,38992132,Instalaci√≥n,MEXICALI D,GONZALEZ ORTEGA,TETSI,TETD1MXLT0101,Carlos Alberto Arzate Oliva,46299.76205,46300.53652,Terminada,NA,NA,NA
143852989,NA,OS-66493546,39014366,Instalaci√≥n,MEXICALI D,UABC,WEB 3,WEBE3MXLT0106,Benjamin Mancio Nunez,46300.59369,46300.82751,Terminada,NA,NA,NA
143851257,NA,OS-66490747,39010820,Instalaci√≥n,MEXICALI D,AMPLIACION PUEBLO NUEVO,WEB 3,WEBE3MXLT0100,Carlos Alberto Rodeles Orozco,46300.52427,46300.67054,Terminada,NA,NA,NA
143850588,NA,OS-66489632,39009445,Instalaci√≥n,MEXICALI D,UABC,WEB 3,WEBE3MXLT0129,Ivan Santos Martinez,46300.49965,46300.7081,Terminada,NA,NA,NA
143847126,NA,OS-66466737,38988396,Instalaci√≥n,MEXICALI D,AMPLIACION PUEBLO NUEVO,WEB 3,WEBM3NTET0118,Cesar Benjamin Amezquita Malagon,46299.61449,46300.59551,Terminada,NA,NA,NA
143852753,NA,OS-66495301,39016548,Instalaci√≥n,MEXICALI D,GONZALEZ ORTEGA_A,WEB 3,WEBM3NTET0118,Cesar Benjamin Amezquita Malagon,46300.63551,46300.87181,Terminada,NA,NA,NA
143851338,NA,OS-66490936,39011058,Instalaci√≥n,MEXICALI D,AMPLIACION HACIENDA REAL 2,ADDNOVATI 3,ADDE3MXLT0112,Angel Eduardo Velasquez Silva,46300.52959,46300.77402,Terminada,NA,NA,NA
143851414,NA,OS-66489869,39009721,Instalaci√≥n,MEXICALI D,AMPLIACION GONZALEZ ORTEGA 7,TETSI 3,TETM3NTET0104,Cesar Ivan Miranda Caudillo,46300.50476,46300.63253,Terminada,NA,NA,NA
143854582,NA,OS-66498769,39020834,Instalaci√≥n,MEXICALI D,GONZALEZ ORTEGA_6_A,TETSI 3,TETM3NTET0103,Jose Manuel Larreta Romero,46300.72102,46301.50145,Terminada,NA,NA,NA
143850607,NA,OS-66488150,39007642,Instalaci√≥n,MEXICALI D,PUEBLO NUEVO,ECO TELECOM,ECOD1MXLT0103,Angel Eufemio Vazquez Villa,46300.46757,46300.6811,Terminada,NA,NA,NA
143850571,NA,OS-66488775,39008425,Instalaci√≥n,MEXICALI D,AVIACION,ADDNOVATI 3,ADDM4NTET0100,Rogelio Cervantes Alvarado,46300.48119,46300.70331,Terminada,NA,NA,NA
143854012,NA,OS-66497148,39018909,Instalaci√≥n,MEXICALI D,AMPLIACION GONZALEZ ORTEGA 2,WEB 3,WEBE3MXLT0102,Luis Angel Hernandez Garcia,46300.68038,46301.45707,Terminada,NA,NA,NA
143851346,NA,OS-66489891,39009751,Instalaci√≥n,MEXICALI D,UABC,WEB 3,WEBE3MXLT0106,Benjamin Mancio Nunez,46300.50537,46300.73618,Terminada,NA,NA,NA
143853180,NA,OS-66494560,39015608,Instalaci√≥n,MEXICALI D,GONZALEZ ORTEGA_A,TETSI 3,TETM3NTET0110,Francisco Javier Rojas Martinez,46300.61738,46301.46455,Terminada,NA,NA,NA
143851718,NA,OS-66491646,39011947,Instalaci√≥n,MEXICALI D,PUEBLO NUEVO,TETSI 3,TETM3NTET0110,Francisco Javier Rojas Martinez,46300.54603,46300.80802,Terminada,NA,NA,NA
143843208,NA,OS-66437215,38965809,Instalaci√≥n,MEXICALI D,GONZALEZ ORTEGA,WEB 3,WEBE3MXLT0104,Eduardo Nunez Perez,46298.66598,46300.67606,Terminada,NA,NA,NA
143849376,NA,OS-66483648,39002045,Instalaci√≥n,MEXICALI D,GONZALEZ ORTEGA_6_A,WEB 3,WEBE3MXLT0104,Eduardo Nunez Perez,46300.35671,46300.44602,Terminada,NA,NA,NA
143847340,NA,OS-66468322,38990296,Instalaci√≥n,MEXICALI D,PUEBLO NUEVO,WEB 3,WEBE3MXLT0106,Benjamin Mancio Nunez,46299.67804,46300.51536,Terminada,NA,NA,NA
143838176,NA,OS-66410653,38943329,Instalaci√≥n,MEXICALI D,PUEBLO NUEVO_2_A,WEB 3,WEBE3MXLT0106,Benjamin Mancio Nunez,46297.83565,46301.4594,Terminada,NA,NA,NA
143844201,NA,OS-66440333,38969270,Instalaci√≥n,MEXICALI D,AVIACION,ADDNOVATI 3,ADDE3MXLT0107,Jose Maria Salas Carrazco,46298.81144,46301.49146,Terminada,NA,NA,NA
143850966,NA,OS-66488668,39008287,Instalaci√≥n,MEXICALI D,HACIENDA REAL,ADDNOVATI 3,ADDE3MXLT0107,Jose Maria Salas Carrazco,46300.47883,46300.62866,Terminada,NA,NA,NA
143849459,NA,OS-66486656,39005646,Instalaci√≥n,MEXICALI D,GONZALEZ ORTEGA_7_A,TETSI,TETD1MXLT0105,Daniel Esteban Moscos Rodriguez,46300.43234,46300.54453,Terminada,NA,NA,NA
143850127,NA,OS-66490532,39010563,Instalaci√≥n,MEXICALI D,AMPLIACION HACIENDA REAL,WEB 3,WEBM3NTET0119,Juan Carlos Fernandez Mora,46300.51921,46300.80755,Terminada,NA,NA,NA
143851679,NA,OS-66490918,39011041,Instalaci√≥n,MEXICALI D,PUEBLO NUEVO,WEB 3,WEBM3NTET0119,Juan Carlos Fernandez Mora,46300.52898,46301.47992,Terminada,NA,NA,NA
143852728,NA,OS-66493356,39014124,Instalaci√≥n,MEXICALI D,AMPLIACION HACIENDA REAL 3,WEB 3,WEBE3MXLT0133,Samuel Castro Calderon,46300.58894,46300.85051,Terminada,NA,NA,NA
143848864,NA,OS-66471466,38993682,Instalaci√≥n,MEXICALI D,GONZALEZ ORTEGA,WEB 3,WEBE3MXLT0134,Jaime Alonso Lopez Perez,46299.90512,46300.66796,Terminada,NA,NA,NA
143849474,NA,OS-66493575,39014407,Instalaci√≥n,MEXICALI D,GONZALEZ ORTEGA_7_A,WEB 3,WEBE3MXLT0134,Jaime Alonso Lopez Perez,46300.59442,46300.75286,Terminada,NA,NA,NA
143847994,NA,OS-66482758,39000833,Instalaci√≥n,MEXICALI D,GONZALEZ ORTEGA,WEB 3,WEBE3MXLT0139,Maxi Yadimir Gonzalez Puebla,46300.32031,46300.47045,Terminada,NA,NA,NA
143852135,NA,OS-66492095,39012565,Instalaci√≥n,MEXICALI D,GONZALEZ ORTEGA,WEB 3,WEBE3MXLT0139,Maxi Yadimir Gonzalez Puebla,46300.55697,46300.71741,Terminada,NA,NA,NA
143852311,NA,OS-66492357,39012882,Instalaci√≥n,MEXICALI D,AVIACION,ADDNOVATI 3,ADDM4NTET0101,Diego Santiago Quiroz Gomez,46300.56337,46300.87252,Terminada,NA,NA,NA
143851688,NA,OS-66495455,39016777,Instalaci√≥n,MEXICALI D,UABC,ADDNOVATI 3,ADDM4NTET0101,Diego Santiago Quiroz Gomez,46300.63961,46301.50234,Terminada,NA,NA,NA
143843621,NA,OS-66438048,38966820,Instalaci√≥n,MEXICALI D,GONZALEZ ORTEGA_7_A,TETSI,TETD1MXLT0101,Carlos Alberto Arzate Oliva,46298.69868,46300.91354,Terminada,NA,NA,NA
143850791,NA,OS-66490973,39011109,Instalaci√≥n,MEXICALI D,AMPLIACION GONZALEZ ORTEGA,TETSI,TETD1MXLT0101,Carlos Alberto Arzate Oliva,46300.53089,46300.69782,Terminada,NA,NA,NA
143850746,NA,OS-66488154,39007650,Instalaci√≥n,MEXICALI D,GONZALEZ ORTEGA_7_A,TETSI,TETD1MXLT0101,Carlos Alberto Arzate Oliva,46300.46763,46300.60324,Terminada,NA,NA,NA
143850750,NA,OS-66488045,39007513,Instalaci√≥n,MEXICALI D,PUEBLO NUEVO,WEB 3,WEBE3MXLT0135,Jose Angel Guadalupe Martinez Lopez,46300.46558,46300.68272,Terminada,NA,NA,NA
143823460,NA,OS-66400351,39005377,Instalaci√≥n,MEXICALI D,UABC,ECO TELECOM 3,ECOM3CX3T0188,Jose Sixto Perez Ramirez,46300.42766,46300.5303,Terminada,NA,NA,NA
143851934,NA,OS-66493540,39014357,Instalaci√≥n,MEXICALI D,UABC,ECO TELECOM 3,ECOM3CX3T0188,Jose Sixto Perez Ramirez,46300.59344,46300.80436,Terminada,NA,NA,NA
143847878,NA,OS-66468785,38990841,Instalaci√≥n,MEXICALI D,AMPLIACION HACIENDA REAL,WEB 3,WEBE3MXLT0105,David Jaaziel Hernandez Felix,46299.69978,46300.47617,Terminada,NA,NA,NA
143792689,NA,OS-66181716,39005289,Instalaci√≥n,MEXICALI D,PUEBLO NUEVO,WEB 3,WEBE3MXLT0105,David Jaaziel Hernandez Felix,46300.42604,46300.6035,Terminada,NA,NA,NA
143855254,NA,OS-66501171,39023439,Instalaci√≥n,MEXICALI D,PUEBLO NUEVO,WEB 3,WEBE3MXLT0108,Cruz De La Rosa Ramirez,46300.80663,46301.50188,Terminada,NA,NA,NA
143848550,NA,OS-66470062,38992252,Instalaci√≥n,MEXICALI D,AVIACION,ECO TELECOM 3,ECOM3CX3T0191,Edgar Jose Castrejon Contreras,46299.76951,46300.79016,Terminada,NA,NA,NA
143846328,NA,OS-66461227,38985549,Instalaci√≥n,MEXICALI D,AMPLIACION GONZALEZ ORTEGA,TETSI,TETD1MXLT0103,Jose Luis Perez Morales,46299.54131,46300.58243,Terminada,NA,NA,NA
143852571,NA,OS-66492862,39013522,Instalaci√≥n,MEXICALI D,GONZALEZ ORTEGA,TETSI,TETD1MXLT0103,Jose Luis Perez Morales,46300.57552,46300.73963,Terminada,NA,NA,NA
143848613,NA,OS-66470292,38992496,Instalaci√≥n,MEXICALI D,UABC,ADDNOVATI 3,ADDE3MXLT0111,Cecilio Josue Moreno Cortez,46299.78762,46300.56656,Terminada,NA,NA,NA
143842787,NA,OS-66436227,38964592,Instalaci√≥n,MEXICALI D,UABC,ADDNOVATI 3,ADDE3MXLT0112,Angel Eduardo Velasquez Silva,46298.63403,46300.71634,Terminada,NA,NA,NA
143850806,NA,OS-66491133,39011285,Instalaci√≥n,MEXICALI D,AMPLIACION UABC 2,WEB 3,WEBE3MXLT0105,David Jaaziel Hernandez Felix,46300.53411,46300.717,Terminada,NA,NA,NA
143848558,NA,OS-66470632,38992836,Instalaci√≥n,MEXICALI D,GONZALEZ ORTEGA_7_A,WEB 3,WEBE3MXLT0104,Eduardo Nunez Perez,46299.81444,46300.76072,Terminada,NA,NA,NA
140883623,446891266,OS-66487145,39006299,Cambio De Domicilio,MEXICALI D,AVIACION,ADDNOVATI 3,ADDE3MXLT0112,Angel Eduardo Velasquez Silva,46300.44478,46300.61713,Terminada,NA,NA,NA
107816257,446956349,OS-66484210,39002748,Addons,MEXICALI D,AVIACION,ECO TELECOM,ECOD1MXLT0103,Angel Eufemio Vazquez Villa,46300.37343,46300.55553,Terminada,NA,NA,NA
141674036,447046639,OS-66488504,39008079,Cambio De Domicilio,MEXICALI D,AMPLIACION PUEBLO NUEVO,WEB 3,WEBM3NTET0118,Cesar Benjamin Amezquita Malagon,46300.47551,46300.76069,Terminada,NA,NA,NA
126936818,444244411,OS-66140409,38678603,Recolecci√≥n Pi,MEXICALI D,AVIACION,ADDNOVATI 3,ADDR3MXLT0101,Jesus Alberto Robles Bezares,46288.62362,46300.68932,Terminada,NA,NA,NA
128550875,446468693,OS-66403278,38934288,Recolecci√≥n Pi,MEXICALI D,GONZALEZ ORTEGA,WEB 3,WEBR3MXLT0101,Luis Alberto Lee Arjona,46297.58935,46300.50212,Terminada,NA,NA,NA
142606875,445928573,OS-66338656,38874839,Recolecci√≥n Pi,MEXICALI D,GONZALEZ ORTEGA,WEB 3,WEBM3NTET0121,Oscar Octavio Graciano Berrelleza,46295.57303,46300.43638,Terminada,NA,NA,NA
120346684,446362975,OS-66395775,38924658,Recolecci√≥n Pi,MEXICALI D,GONZALEZ ORTEGA,WEB 3,WEBM3NTET0121,Oscar Octavio Graciano Berrelleza,46297.38365,46300.45642,Terminada,NA,NA,NA
105286781,445901361,OS-66336902,38872553,Recolecci√≥n Pi,MEXICALI D,GONZALEZ ORTEGA,ADDNOVATI 3,ADDR3MXLT0101,Jesus Alberto Robles Bezares,46295.52749,46300.63622,Terminada,NA,NA,NA
103642568,446698473,OS-66433776,38961706,Recolecci√≥n Pi,MEXICALI D,HACIENDA REAL,ADDNOVATI 3,ADDR3MXLT0101,Jesus Alberto Robles Bezares,46298.56513,46300.55959,Terminada,NA,NA,NA
140360197,446700006,OS-66433882,38961840,Recolecci√≥n Pi,MEXICALI D,HACIENDA REAL,WEB 3,WEBR3MXLT0101,Luis Alberto Lee Arjona,46298.56846,46300.56185,Terminada,NA,NA,NA
104171321,446789441,OS-66484786,39003429,Cambio De Plan,MEXICALI D,PUEBLO NUEVO,ADDNOVATI 3,ADDR3MXLT0101,Jesus Alberto Robles Bezares,46300.38939,46300.59,Terminada,NA,NA,NA
140649302,445351421,OS-66269929,38808006,Cambio De Domicilio,MEXICALI D,PUEBLO NUEVO,WEB 3,WEBE3MXLT0129,Ivan Santos Martinez,46293.46346,46300.5116,Terminada,NA,NA,NA
104171321,446963671,OS-66485256,39003987,Addons,MEXICALI D,PUEBLO NUEVO,WEB 3,WEBM3NTET0119,Juan Carlos Fernandez Mora,46300.40156,46300.54119,Terminada,NA,NA,NA
140151910,445694575,OS-66307692,38846083,Cambio De Domicilio,MEXICALI D,PUEBLO NUEVO,WEB 3,WEBE3MXLT0130,Dante Alvidrez Reyes,46294.59876,46301.48172,Terminada,NA,NA,NA
141417893,445519413,OS-66284557,38826233,Cambio De Domicilio,MEXICALI D,PUEBLO NUEVO,WEB 3,WEBM3NTET0119,Juan Carlos Fernandez Mora,46293.88574,46300.63052,Terminada,NA,NA,NA
105695572,447099861,OS-66492780,39013419,Cambio De Equipo,MEXICALI D,PUEBLO NUEVO,WEB 3,WEBE3MXLT0105,David Jaaziel Hernandez Felix,46300.57344,46301.50073,Terminada,NA,NA,NA
140453178,445587092,OS-66300302,38836224,Recolecci√≥n Pi,MEXICALI D,UABC,ADDNOVATI 3,ADDR3MXLT0101,Jesus Alberto Robles Bezares,46294.40168,46300.44167,Terminada,NA,NA,NA
200404141,1,NA,39024682,Hallazgo Empresarial,MEXICALI D,GONZALEZ ORTEGA,WEB 3,WEBE3MXLT0100,Carlos Alberto Rodeles Orozco,46300.87784,46300.94035,Terminada,NA,NA,NA
143303129,446823318,OS-66457233,38980820,Soporte,TIJUANA PLAYAS D,SALVATIERRA,CRCE 3,CRCE3TIJT1010,Oscar Alejandro Bahena Ochoa,46299.40519,46300.53554,Terminada,No Se Encontro Falla,Asesor√≠a uso servicio de Internet,Redes 2.4G y 5G
132740662,447059184,OS-66489322,39009074,Soporte,TIJUANA PLAYAS D,SALVATIERRA,CRCE 3,CRCE3TIJT1010,Oscar Alejandro Bahena Ochoa,46300.49356,46300.5806,Terminada,Falla en Conectores,Falla Conector Prepulido,Cambio Ambos Conectores Prepulidos
140361739,447026471,OS-66486820,39005851,Soporte,TIJUANA PLAYAS D,AMPLIACION FUNDADORES,CRCE 3,CRCE3TIJT1010,Oscar Alejandro Bahena Ochoa,46300.43633,46300.77215,Terminada,Falla en Conectores,Falla Conector Prepulido,Cambio Conector Prepulido ONT
115104475,446940178,OS-66469430,38991577,Soporte,TIJUANA PLAYAS D,SALVATIERRA,CRCE 3,CRCE3TIJT1010,Oscar Alejandro Bahena Ochoa,46299.73241,46300.48375,Terminada,Falla en Conectores,Falla Conector Prepulido,Cambio Ambos Conectores Prepulidos
101061856,447227769,OS-66515133,39032174,Soporte,TIJUANA PLAYAS D,FUNDADORES,CRCE 3,CRCE3TIJT1010,Oscar Alejandro Bahena Ochoa,46301.32432,46301.44994,Terminada,No Se Encontro Falla,Asesor√≠a uso servicio de Internet,Redes 2.4G y 5G
143851733,NA,OS-66490869,39010972,Instalaci√≥n,TIJUANA PLAYAS D,SALVATIERRA,CRCE 3,CRCE3TIJT1010,Oscar Alejandro Bahena Ochoa,46300.52777,46300.71031,Terminada,NA,NA,NA
104235561,447151832,OS-66502298,39024580,Soporte,TIJUANA PLAYAS D,ALTAMIRA,CRCE 3,CRCE3TIJT4060,Pedro Daniel Arias Camacho,46300.86917,46301.48745,Terminada,Corte de Fibra/ Preconectorizada / Sin Servicio,"Mala Instalaci√≥n Unifibra (En Tensor, FO Ahorcada, Trayectoria)",Correccion de Anomalias en Acometida
106571448,446998152,OS-66484489,39003071,Soporte,TIJUANA PLAYAS D,ALTAMIRA,CRCE 3,CRCE3TIJT4060,Pedro Daniel Arias Camacho,46300.38087,46300.51926,Terminada,Corte de Fibra/ Preconectorizada / Sin Servicio,"Mala Instalaci√≥n Unifibra (En Tensor, FO Ahorcada, Trayectoria)",Correccion de Anomalias en Acometida
142313035,446897477,OS-66462424,38986992,Soporte,TIJUANA PLAYAS D,ALTAMIRA,CRCE 3,CRCE3TIJT4060,Pedro Daniel Arias Camacho,46299.58547,46300.79053,Terminada,Corte de Fibra/ Preconectorizada / Sin Servicio,"Mala Instalaci√≥n Unifibra (En Tensor, FO Ahorcada, Trayectoria)",Correccion de Anomalias en Acometida
143849949,NA,OS-66485369,39004107,Instalaci√≥n,TIJUANA PLAYAS D,PLAYAS TIJUANA,CRCE 3,CRCE3TIJT4060,Pedro Daniel Arias Camacho,46300.40406,46300.62303,Terminada,NA,NA,NA
104237232,447033139,OS-66487314,39006554,Soporte,TIJUANA PLAYAS D,ROSAMAR,JELTM ASESORES FISCALES SA DE CV 3,JELE3TIJT0147,Eimar Orlando Beltran Ceja,46300.44942,46300.59694,Terminada,Corte de Fibra/ Preconectorizada / Sin Servicio,Veh√≠culo con Exceso de Dimensiones,Cambio de Trayectoria Acometida
140156210,446996250,OS-66484334,39002887,Soporte,TIJUANA PLAYAS D,ROSAMAR,JELTM ASESORES FISCALES SA DE CV 3,JELE3TIJT0113,Brayan Uriel Escobar Ramirez,46300.37654,46300.46387,Terminada,Falla En STB,Falla En Fuente De Poder,Cambio STB
143767304,446921533,OS-66467942,38989841,Soporte,TIJUANA PLAYAS D,SALVATIERRA,CRCE 3,CRCE3TIJT4092,Jose Francisco Alcala Rosales,46299.66249,46300.68571,Terminada,Corte de Fibra/ Preconectorizada / Sin Servicio,"Da√±o por trabajos de Otro Carrier (incluye Municipio, CFE, etc)",Cambio de Acometida Unifibra
104846889,447015900,OS-66485871,39004716,Soporte,TIJUANA PLAYAS D,SANTA FE TIJUANA,JELTM ASESORES FISCALES SA DE CV 3,JELE3TIJT0109,Julio Cesar Gamboa Zavala,46300.41554,46300.76986,Terminada,No Se Encontro Falla,Asesor√≠a uso servicio de Internet,Redes 2.4G y 5G
141392176,446952797,OS-66470544,38992745,Soporte,TIJUANA PLAYAS D,AMPLIACION VALLE VERDE 5,ADDNOVATI 3,ADDE3ENST0106,Luis Alberto Navarro Santos,46299.8073,46301.42126,Terminada,Falla En ONT,Problema De Ancho De Banda,Reinicio de Equipo
108639230,447160492,OS-66498284,39020242,Soporte,TIJUANA PLAYAS D,SALVATIERRA,CRCE 3,CRCE3TIJT1194,Ulises Vega Sanchez,46300.70666,46301.48801,Terminada,Falla en Conectores,Falla Conector Prepulido,Cambio Conector Prepulido Splitter
142553676,446846409,OS-66458903,38982849,Soporte,TIJUANA PLAYAS D,AMPLIACION ZAPATA 1,JELTM ASESORES FISCALES SA DE CV 3,JELE3TIJT0119,Jose Abraham Galicia Molina,46299.46547,46300.55998,Terminada,Falla En ONT,ONT No Configurada (Sin Servicio),Reaprovisionamiento ONT
111311858,446990905,OS-66483928,39002430,Soporte,TIJUANA PLAYAS D,PLAYAS TIJUANA,CRCE 3,CRCE3TIJT1180,Arturo Alfonso Dolores Hernandez,46300.36538,46300.53645,Terminada,Falla En ONT,ONT No Configurada (Sin Servicio),Cambio ONT
126473158,446957685,OS-66471044,38993253,Soporte,TIJUANA PLAYAS D,SALVATIERRA,ADDNOVATI 3,ADDM3NTET0125,Jose Guadalupe Carranza Diaz,46299.85167,46300.50036,Terminada,No Se Encontro Falla,Asesor√≠a uso de servicio de Televisi√≥n,Asesor√≠a del uso del control remoto
143265798,446954543,OS-66470696,38992902,Soporte,TIJUANA PLAYAS D,NATURA,JELTM ASESORES FISCALES SA DE CV 3,JELE3TIJT0140,Eddie Alejandro Freer Dominguez,46299.81998,46300.5501,Terminada,No Se Encontro Falla,Asesor√≠a uso servicio de Internet,Redes 2.4G y 5G
141061128,447022074,OS-66486489,39005432,Soporte,TIJUANA PLAYAS D,AMPLIACION PLAYAS TIJUANA 2,CRCE 3,CRCE3TIJT1184,Manuel De Jesus Molina Garcia,46300.4287,46300.59584,Terminada,Corte de Fibra/ Preconectorizada / Sin Servicio,"Da√±o por trabajos de Otro Carrier (incluye Municipio, CFE, etc)",Cambio de Acometida Unifibra
107913994,447042575,OS-66488031,39007490,Soporte,TIJUANA PLAYAS D,FUNDADORES,CRCE 3,CRCE3TIJT1204,Victor Hugo Ignacio Briseno,46300.4652,46300.63523,Terminada,Falla en Conectores,Falla Conector Prepulido,Cambio Conector Prepulido ONT
141702174,447046309,OS-66488312,39007844,Soporte,TIJUANA PLAYAS D,ROSAMAR,JELTM ASESORES FISCALES SA DE CV 3,JELE3TIJT0168,Adalberto Rocha Ceja,46300.47119,46300.66713,Terminada,No Se Encontro Falla,Asesor√≠a uso servicio de Internet,Pruebas de ancho de banda
128337292,446856197,OS-66459759,38983838,Soporte,TIJUANA PLAYAS D,REFUGIO,JELTM ASESORES FISCALES SA DE CV 3,JELE3TIJT0119,Jose Abraham Galicia Molina,46299.49247,46300.86899,Terminada,Falla En VSB,Falla Puerto Ethernet,Cambio VSB
141267734,447120762,OS-66494526,39015568,Soporte,TIJUANA PLAYAS D,ROSAMAR,JELTM ASESORES FISCALES SA DE CV 3,JELE3TIJT0168,Adalberto Rocha Ceja,46300.61637,46301.43575,Terminada,Falla En ONT,Falla En Fuente De Poder,Cambio ONT
128653989,447196635,OS-66501959,39024227,Soporte,TIJUANA PLAYAS D,SALVATIERRA,JELTM ASESORES FISCALES SA DE CV 3,JELE3TIJT0131,Bernar Alejandro Gonzalez Noguera,46300.84653,46301.44133,Terminada,Falla En STB,"Pantalla Negro (Falta de Actualizaci√≥n, Intermitencia)",Reaprovisionamiento STB
113067375,447083690,OS-66491442,39011661,Soporte,TIJUANA PLAYAS D,REFUGIO,JELTM ASESORES FISCALES SA DE CV 3,JELE3TIJT0191,Martin Rogelio Nu√±ez Hernandez,46300.54084,46301.47797,Terminada,No Se Encontro Falla,Asesor√≠a uso de servicio de Televisi√≥n,Explicaci√≥n del uso de la Gu√≠a de TV
140744833,447199768,OS-66502326,39024609,Soporte,TIJUANA PLAYAS D,VALLE VERDE,ADDNOVATI 3,ADDE3ENST0101,Juan Carlos Campos Ortega,46300.87063,46301.48235,Terminada,Corte de Fibra/ Preconectorizada / Sin Servicio,"Mala Instalaci√≥n Unifibra (En Tensor, FO Ahorcada, Trayectoria)",Correccion de Anomalias en Acometida
140564015,447085292,OS-66491724,39012057,Soporte,TIJUANA PLAYAS D,AMPLIACION VALLE VERDE,ADDNOVATI 3,ADDE3ENST0124,Rogelio Isaac Martinez Avilez,46300.54806,46301.44082,Terminada,Falla En ONT,Falla Red Wifi ONT,Cambio ONT
142419654,447200345,OS-66502402,39024684,Soporte,TIJUANA PLAYAS D,ALTAMIRA,CRCE 3,CRCE3TIJT2035,Oscar Rafael Mendoza Santiago,46300.87813,46301.44219,Terminada,Falla En ONT,"Da√±o F√≠sico (Descarga El√©ctrica, Insectos, Humedad, otro)",Cambio ONT
103807106,447200427,OS-66502421,39024701,Soporte,TIJUANA PLAYAS D,FUNDADORES,CRCE 3,CRCE3TIJT1204,Victor Hugo Ignacio Briseno,46300.87934,46301.47297,Terminada,Falla En ONT,ONT No Configurada (Sin Servicio),Reaprovisionamiento ONT
131388916,446960063,OS-66471349,38993564,Soporte,TIJUANA PLAYAS D,ZAPATA,JELTM ASESORES FISCALES SA DE CV 3,JELE3TIJT0129,Juan Carlos Estrada Sanchez,46299.88994,46300.43604,Terminada,Falla en Conectores,Falla Conector Prepulido,Cambio Ambos Conectores Prepulidos
108154256,446707421,OS-66434495,38962575,Soporte,TIJUANA PLAYAS D,REFUGIO,JELTM ASESORES FISCALES SA DE CV 3,JELE3TIJT0102,Cornelio Zamora Hernandez,46298.58536,46300.48813,Terminada,Corte de Fibra/ Preconectorizada / Sin Servicio,"Mala Instalaci√≥n Unifibra (En Tensor, FO Ahorcada, Trayectoria)",Correccion de Anomalias en Acometida
107081289,446781390,OS-66440998,38969939,Soporte,TIJUANA PLAYAS D,ZAPATA,JELTM ASESORES FISCALES SA DE CV 3,JELE3TIJT0194,Moises Hernandez Gomez,46298.86962,46300.49623,Terminada,Corte de Fibra/ Preconectorizada / Sin Servicio,"Mala Instalaci√≥n Unifibra (En Tensor, FO Ahorcada, Trayectoria)",Correccion de Anomalias en Acometida
105858161,447003921,OS-66484910,39003596,Soporte,TIJUANA PLAYAS D,PLAYA HERMOSA,JELTM ASESORES FISCALES SA DE CV 3,JELE3ENST0114,Gilberto Carlos Arce Aviles,46300.39332,46300.52637,Terminada,Falla En ONT,Falla En Fuente De Poder,Cambio ONT
115050019,446720280,OS-66435784,38964082,Soporte,TIJUANA PLAYAS D,REFUGIO,JELTM ASESORES FISCALES SA DE CV 3,JELE3TIJT0138,Giovanni Alejandro Sandoval Mireles,46298.62122,46300.5647,Terminada,No Se Encontro Falla,Asesor√≠a uso servicio de Internet,Redes 2.4G y 5G
141806486,447014552,OS-66485760,39004584,Soporte,TIJUANA PLAYAS D,ROSAMAR_2_A,JELTM ASESORES FISCALES SA DE CV 3,JELE3TIJT0109,Julio Cesar Gamboa Zavala,46300.41296,46300.57167,Terminada,Falla en Conectores,Falla Conector Prepulido,Cambio Ambos Conectores Prepulidos
112898538,447032407,OS-66487386,39006615,Soporte,TIJUANA PLAYAS D,NATURA,JELTM ASESORES FISCALES SA DE CV 3,JELE3TIJT0194,Moises Hernandez Gomez,46300.45082,46300.60558,Terminada,Falla En STB,Falla En Fuente De Poder,Cambio STB
129392152,447013192,OS-66485674,39004480,Soporte,TIJUANA PLAYAS D,AMPLIACION VALLE VERDE 2,ADDNOVATI 3,ADDE3ENST0124,Rogelio Isaac Martinez Avilez,46300.41103,46300.49227,Terminada,Falla En ONT,Falla En Fuente De Poder,Cambio de Fuente de Poder
142978077,447020148,OS-66486337,39005235,Soporte,TIJUANA PLAYAS D,PLAYA HERMOSA,JELTM ASESORES FISCALES SA DE CV 3,JELE3ENST0102,Caleb Molina Gutierrez,46300.42506,46300.51634,Terminada,No Se Encontro Falla,"Asesor√≠a dispositivos cliente (PC, Caonsolas, Laptop, etc)",Redes 2.4G y 5G
115449749,446954118,OS-66470654,38992858,Soporte,TIJUANA PLAYAS D,NATURA,JELTM ASESORES FISCALES SA DE CV 3,JELE3TIJT0162,Christopher Martinez Salgado,46299.81604,46300.59782,Terminada,No Se Encontro Falla,Asesor√≠a uso servicio de Internet,Redes 2.4G y 5G
142535050,447029175,OS-66487008,39006123,Soporte,TIJUANA PLAYAS D,ROSAMAR,JELTM ASESORES FISCALES SA DE CV 3,JELE3TIJT0101,Jose Luis Loza Zavala,46300.44127,46300.62961,Terminada,Falla en Conectores,Falla Conector Prepulido,Cambio Ambos Conectores Prepulidos
108614974,447056207,OS-66489102,39008808,Soporte,TIJUANA PLAYAS D,AMPLIACION ZAPATA 1,JELTM ASESORES FISCALES SA DE CV 3,JELE3TIJT0151,Gabriel Sebastian Dominguez Rodriguez,46300.48851,46300.74322,Terminada,Falla En ONT,Falla Red Wifi ONT,Cambio ONT
143661864,446710221,OS-66434792,38962933,Soporte,TIJUANA PLAYAS D,AMPLIACION ROSAMAR 2,JELTM ASESORES FISCALES SA DE CV 3,JELE3TIJT0103,Pedro Rodriguez Rojas,46298.59345,46300.69522,Terminada,Falla en Wifi Extender,Falla Puerto Ethernet,Cambio Wifi Extender
200738084,447026890,OS-66486869,39005918,Empresarial,TIJUANA PLAYAS D,VALLE VERDE,JELTM ASESORES FISCALES SA DE CV 3,JELE3ENST0101,Luis Alejandro Morfin Orozco,46300.43792,46300.79866,Terminada,Corte de Fibra/ Preconectorizada / Sin Servicio,"Mala Instalaci√≥n Unifibra (En Tensor, FO Ahorcada, Trayectoria)",Correccion de Anomalias en Acometida
119533531,447074657,OS-66490797,39010885,Soporte,TIJUANA PLAYAS D,VALLE VERDE,ADDNOVATI 3,ADDE3ENST0114,Jorge De Jesus Ortiz Romero,46300.52568,46301.42863,Terminada,Falla En ONT,"Da√±o F√≠sico (Descarga El√©ctrica, Insectos, Humedad, otro)",Cambio ONT
101304746,446994301,OS-66484189,39002731,Soporte,TIJUANA PLAYAS D,ALTAMIRA,CRCE 3,CRCE3TIJT1211,Leonel Rosales Mejia,46300.37296,46301.44073,Terminada,Falla En STB,Falla Puerto Ethernet,Cambio STB
140778190,447128287,OS-66495269,39016506,Soporte,TIJUANA PLAYAS D,ROSAMAR,JELTM ASESORES FISCALES SA DE CV 3,JELE3TIJT0111,Marco Antonio Michel Villegas Jimenez,46300.63476,46300.79374,Terminada,Falla En ONT,"Da√±o F√≠sico (Descarga El√©ctrica, Insectos, Humedad, otro)",Cambio ONT
143135968,447117825,OS-66494251,39015205,Soporte,TIJUANA PLAYAS D,NATURA,JELTM ASESORES FISCALES SA DE CV 3,JELE3TIJT0194,Moises Hernandez Gomez,46300.60931,46300.73059,Terminada,Corte de Fibra/ Preconectorizada / Sin Servicio,"Mala Instalaci√≥n Unifibra (En Tensor, FO Ahorcada, Trayectoria)",Correccion de Anomalias en Acometida
108067455,447099233,OS-66492668,39013280,Soporte,TIJUANA PLAYAS D,ROSAMAR,JELTM ASESORES FISCALES SA DE CV 3,JELE3TIJT0103,Pedro Rodriguez Rojas,46300.57095,46300.79929,Terminada,Corte de Fibra/ Preconectorizada / Sin Servicio,"Da√±o por trabajos de Otro Carrier (incluye Municipio, CFE, etc)",Cambio de Acometida Unifibra
104659803,447232969,OS-66515406,39032568,Soporte,TIJUANA PLAYAS D,AMPLIACION ROSAMAR 2,JELTM ASESORES FISCALES SA DE CV 3,JELE3TIJT0109,Julio Cesar Gamboa Zavala,46301.33917,46301.4664,Terminada,Falla en Conectores,Falla Conector RJ45,Cambio Conector RJ45
143818691,447173194,OS-66499272,39021435,Soporte,TIJUANA PLAYAS D,ALTAMIRA,CRCE 3,CRCE3TIJT1184,Manuel De Jesus Molina Garcia,46300.73632,46301.45972,Terminada,Falla En ONT,Falla En Puerto √ìptico,Cambio ONT
143127259,447139886,OS-66496350,39017900,Soporte,TIJUANA PLAYAS D,SALVATIERRA,CRCE 3,CRCE3TIJT4076,Jonatan Gabriel Lopez Contreras,46300.66134,46300.74472,Terminada,"Falla Cableado (UTP, Telefonico)","Desgaste de Cableado (Clima, Tiempo de Vida)",Cambio de Cableado UTP/Telef√≥nico
142434522,446912510,OS-66467192,38988925,Soporte,TIJUANA PLAYAS D,REFUGIO,JELTM ASESORES FISCALES SA DE CV 3,JELE3TIJT0102,Cornelio Zamora Hernandez,46299.6312,46300.76964,Terminada,No Se Encontro Falla,Asesor√≠a uso servicio de Internet,Redes 2.4G y 5G
105952367,447042557,OS-66488028,39007486,Soporte,TIJUANA PLAYAS D,FUNDADORES,ITAI 3,ITAM3NTET0119,Juan Alberto V√°zquez Guerrero,46300.46515,46300.79343,Terminada,Falla En ONT,Falla En Puerto √ìptico,Cambio ONT
143850321,447244411,OS-66516084,39033517,Soporte,TIJUANA PLAYAS D,PLAYAS TIJUANA,CRCE 3,CRCE3TIJT1183,Jose Gustavo Morales Duron,46301.36391,46301.46311,Terminada,No Se Encontro Falla,Asesor√≠a uso servicio de Internet,Redes 2.4G y 5G
107438917,447088268,OS-66491823,39012205,Soporte,TIJUANA PLAYAS D,SALVATIERRA,ADDNOVATI 3,ADDM3NTET0137,Yadira Barriga Salgado,46300.55032,46300.79339,Terminada,Corte de Fibra/ Preconectorizada / Sin Servicio,"Mala Instalaci√≥n Unifibra (En Tensor, FO Ahorcada, Trayectoria)",Cambio de Trayectoria Acometida
107046236,447069978,OS-66490406,39010427,Soporte,TIJUANA PLAYAS D,ALTAMIRA,ADDNOVATI 3,ADDM3NTET0125,Jose Guadalupe Carranza Diaz,46300.51666,46300.81189,Terminada,Falla En STB,Falla En Fuente De Poder,Cambio STB
107738382,446963000,OS-66471736,38993948,Soporte,TIJUANA PLAYAS D,PLAYA HERMOSA,JELTM ASESORES FISCALES SA DE CV 3,JELE3ENST0114,Gilberto Carlos Arce Aviles,46299.98634,46300.81282,Terminada,Falla en Conectores,Falla Conector Prepulido,Cambio Conector Prepulido Splitter
143847253,447260994,OS-66517409,39035274,Soporte,TIJUANA PLAYAS D,VALLE VERDE,ADDNOVATI 3,ADDE3ENST0114,Jorge De Jesus Ortiz Romero,46301.40214,46301.46929,Terminada,Falla En STB,Falla En Fuente De Poder,Cambio de Fuente de Poder
140692868,447246740,OS-66516267,39033727,Soporte,TIJUANA PLAYAS D,ALTAMIRA,CRCE 3,CRCE3TIJT1179,Miguel Angel Hernandez Cruz,46301.3697,46301.46924,Terminada,No Se Encontro Falla,Asesor√≠a uso servicio de Internet,Redes 2.4G y 5G
143846943,447259611,OS-66517268,39035094,Soporte,TIJUANA PLAYAS D,PLAYA HERMOSA,JELTM ASESORES FISCALES SA DE CV 3,JELE3ENST0102,Caleb Molina Gutierrez,46301.39935,46301.47006,Terminada,No Se Encontro Falla,Asesor√≠a uso servicio de Internet,Pruebas de ancho de banda
140933920,447197605,OS-66502026,39024300,Soporte,TIJUANA PLAYAS D,ROSAMAR,JELTM ASESORES FISCALES SA DE CV 3,JELE3TIJT0105,Juan Manuel Aguilar Ramos,46300.84973,46301.47825,Terminada,Corte de Fibra/ Preconectorizada / Sin Servicio,"Mala Instalaci√≥n Unifibra (En Tensor, FO Ahorcada, Trayectoria)",Correccion de Anomalias en Acometida
141546092,447013849,OS-66485701,39004512,Soporte,TIJUANA PLAYAS D,AMPLIACION ROSAMAR 4,ITAI 3,ITAM3NTET0120,Victor Giovanni Cruz Cruz,46300.41161,46300.69883,Terminada,Falla En ONT,ONT No Configurada (Sin Servicio),Cambio ONT
140952892,447226370,OS-66515065,39032102,Soporte,TIJUANA PLAYAS D,ALTAMIRA,CRCE 3,CRCE3TIJT4081,Rogelio Hernandez Gomez,46301.32119,46301.50453,Terminada,No Se Encontro Falla,Asesor√≠a servicio Contratado,Validaci√≥n de promociones contratadas
102721867,447095731,OS-66492389,39012919,Soporte,TIJUANA PLAYAS D,FUNDADORES,ADDNOVATI 3,ADDM3NTET0125,Jose Guadalupe Carranza Diaz,46300.56404,46300.65961,Terminada,No Se Encontro Falla,Asesor√≠a uso de servicio de Televisi√≥n,Asesor√≠a del uso del control remoto
143133444,447064925,OS-66489860,39009711,Soporte,TIJUANA PLAYAS D,VALLE VERDE,ADDNOVATI 3,ADDE3ENST0102,Javier Eduardo Renteria Martinez,46300.50451,46300.6667,Terminada,Corte de Fibra/ Preconectorizada / Sin Servicio,Veh√≠culo con Exceso de Dimensiones,Cambio de Trayectoria Acometida
105357428,447110876,OS-66493578,39014412,Soporte,TIJUANA PLAYAS D,FUNDADORES,CRCE 3,CRCE3TIJT1204,Victor Hugo Ignacio Briseno,46300.59455,46300.68409,Terminada,Falla en Conectores,Falla Conector Prepulido,Cambio Ambos Conectores Prepulidos
107508793,447095547,OS-66492375,39012903,Soporte,TIJUANA PLAYAS D,ALTAMIRA,CRCE 3,CRCE3TIJT1178,Marcos Iran Morales Espinoza,46300.5637,46300.81247,Terminada,Corte de Fibra/ Preconectorizada / Sin Servicio,Poda de Arboles,Reasignaci√≥n de Splitter 2N (Cambio de Acometida)
107357771,446923376,OS-66468102,38990028,Soporte,TIJUANA PLAYAS D,ALTAMIRA,CRCE 3,CRCE3TIJT4093,Jose Rodolfo Lopez Plata,46299.66884,46300.52703,Terminada,Falla en Conectores,Falla Conector Prepulido,Cambio Conector Prepulido Splitter
124542816,446950483,OS-66470328,38992532,Soporte,TIJUANA PLAYAS D,NATURA,JELTM ASESORES FISCALES SA DE CV 3,JELE3TIJT0116,Jose Luis Garcia Martinez,46299.79009,46300.52353,Terminada,No Se Encontro Falla,Asesor√≠a uso servicio de Internet,Redes 2.4G y 5G
111275510,447015761,OS-66485858,39004698,Soporte,TIJUANA PLAYAS D,SALVATIERRA,ADDNOVATI 3,ADDM3NTET0138,Francisco Javier Esparza Almaguer,46300.41528,46300.69461,Terminada,Falla En ONT,Falla En Puerto √ìptico,Limpieza de Puerto Optico
142841373,447006826,OS-66485136,39003849,Soporte,TIJUANA PLAYAS D,FUNDADORES,CRCE 3,CRCE3TIJT1197,Juan Antonio Rivera Valdez,46300.39844,46300.52988,Terminada,Falla en Conectores,Falla Conector Prepulido,Cambio Conector Prepulido Splitter
143571756,446889990,OS-66461964,38986450,Soporte,TIJUANA PLAYAS D,ALTAMIRA,CRCE 3,CRCE3TIJT1180,Arturo Alfonso Dolores Hernandez,46299.56839,46300.42477,Terminada,No Se Encontro Falla,Asesor√≠a servicio Contratado,Validaci√≥n de velocidad contratada
142645716,447012867,OS-66485614,39004404,Soporte,TIJUANA PLAYAS D,PLAYA HERMOSA,JELTM ASESORES FISCALES SA DE CV 3,JELE3ENST0107,Alberto Maldonado Aviles,46300.40962,46300.52647,Terminada,Falla en Conectores,Falla Conector Prepulido,Cambio Ambos Conectores Prepulidos
143419832,447046485,OS-66488352,39007900,Soporte,TIJUANA PLAYAS D,NATURA,JELTM ASESORES FISCALES SA DE CV 3,JELE3TIJT0151,Gabriel Sebastian Dominguez Rodriguez,46300.47191,46300.54274,Terminada,No Se Encontro Falla,Asesor√≠a uso servicio de Internet,Redes 2.4G y 5G
106223908,447045317,OS-66488292,39007824,Soporte,TIJUANA PLAYAS D,ZAPATA,JELTM ASESORES FISCALES SA DE CV 3,JELE3TIJT0130,Miguel Gustavo Dagnino Romo,46300.47071,46300.58727,Terminada,Corte de Fibra/ Preconectorizada / Sin Servicio,"Mala Instalaci√≥n Unifibra (En Tensor, FO Ahorcada, Trayectoria)",Correccion de Anomalias en Acometida
124924638,446780390,OS-66440928,38969868,Soporte,TIJUANA PLAYAS D,FUNDADORES,CRCE 3,CRCE3TIJT1211,Leonel Rosales Mejia,46298.86168,46300.59071,Terminada,Corte de Fibra/ Preconectorizada / Sin Servicio,"Mala Instalaci√≥n Unifibra (En Tensor, FO Ahorcada, Trayectoria)",Correccion de Anomalias en Acometida
106778771,447043049,OS-66488066,39007539,Soporte,TIJUANA PLAYAS D,FUNDADORES,JELTM ASESORES FISCALES SA DE CV 3,JELE3TIJT0131,Bernar Alejandro Gonzalez Noguera,46300.46602,46300.59579,Terminada,Corte de Fibra/ Preconectorizada / Sin Servicio,"Mala Instalaci√≥n Unifibra (En Tensor, FO Ahorcada, Trayectoria)",Reasignaci√≥n de Splitter 2N (Cambio de Acometida)
143334034,447011718,OS-66485516,39004289,Soporte,TIJUANA PLAYAS D,REFUGIO,JELTM ASESORES FISCALES SA DE CV 3,JELE3TIJT0102,Cornelio Zamora Hernandez,46300.40759,46300.60639,Terminada,No Se Encontro Falla,Asesor√≠a uso servicio de Internet,Redes 2.4G y 5G
107320667,446760222,OS-66439367,38968261,Soporte,TIJUANA PLAYAS D,REFUGIO,JELTM ASESORES FISCALES SA DE CV 3,JELE3TIJT0124,Luis Alberto Torres Santibanez,46298.75306,46300.75949,Terminada,Corte de Fibra/ Preconectorizada / Sin Servicio,Veh√≠culo con Exceso de Dimensiones,Reasignaci√≥n de Splitter 2N (Cambio de Acometida)
140555579,447081044,OS-66491283,39011466,Soporte,TIJUANA PLAYAS D,PLAYAS TIJUANA,CRCE 3,CRCE3TIJT2035,Oscar Rafael Mendoza Santiago,46300.53682,46300.74751,Terminada,Falla en Conectores,Falla Conector Prepulido,Cambio Conector Prepulido ONT
108080033,446974910,OS-66482876,39000982,Soporte,TIJUANA PLAYAS D,PLAYA HERMOSA,ADDNOVATI 3,ADDE3ENST0101,Juan Carlos Campos Ortega,46300.32587,46300.76249,Terminada,Corte de Fibra/ Preconectorizada / Sin Servicio,"Mala Instalaci√≥n Unifibra (En Tensor, FO Ahorcada, Trayectoria)",Correccion de Anomalias en Acometida
106671973,447074111,OS-66490689,39010751,Soporte,TIJUANA PLAYAS D,PLAYAS TIJUANA,CRCE 3,CRCE3TIJT1180,Arturo Alfonso Dolores Hernandez,46300.52292,46300.78836,Terminada,Corte de Fibra/ Preconectorizada / Sin Servicio,"Mala Instalaci√≥n Unifibra (En Tensor, FO Ahorcada, Trayectoria)",Correccion de Anomalias en Acometida
110939872,446921639,OS-66467966,38989869,Soporte,TIJUANA PLAYAS D,AMPLIACION ROSAMAR 4,JELTM ASESORES FISCALES SA DE CV 3,JELE3TIJT0147,Eimar Orlando Beltran Ceja,46299.66292,46300.66032,Terminada,Corte de Fibra/ Preconectorizada / Sin Servicio,Robo De Puerto,Reasignaci√≥n de Puerto en Mismo Splitter
142118593,447030256,OS-66487137,39006288,Soporte,TIJUANA PLAYAS D,REFUGIO,JELTM ASESORES FISCALES SA DE CV 3,JELE3TIJT0181,Luis Angel Aparicio Lozano,46300.44458,46300.89256,Terminada,Corte de Fibra/ Preconectorizada / Sin Servicio,"Mala Instalaci√≥n Unifibra (En Tensor, FO Ahorcada, Trayectoria)",Correccion de Anomalias en Acometida
143785870,446969051,OS-66482304,39000308,Soporte,TIJUANA PLAYAS D,AMPLIACION ROSAMAR 4,JELTM ASESORES FISCALES SA DE CV 3,JELE3TIJT0109,Julio Cesar Gamboa Zavala,46300.2875,46300.47236,Terminada,Falla en Conectores,Falla Conector Prepulido,Cambio Conector Prepulido ONT
141838093,446990764,OS-66483892,39002373,Soporte,TIJUANA PLAYAS D,AMPLIACION ROSAMAR 4,JELTM ASESORES FISCALES SA DE CV 3,JELE3TIJT0111,Marco Antonio Michel Villegas Jimenez,46300.36416,46300.47899,Terminada,No Se Encontro Falla,Asesor√≠a uso de servicio de Televisi√≥n,Asesor√≠a del uso del control remoto
112502686,446897399,OS-66462418,38986984,Soporte,TIJUANA PLAYAS D,ROSAMAR,JELTM ASESORES FISCALES SA DE CV 3,JELE3TIJT0168,Adalberto Rocha Ceja,46299.5852,46300.48153,Terminada,No Se Encontro Falla,Asesor√≠a uso servicio de Internet,Pruebas de ancho de banda
135022399,447130199,OS-66495432,39016754,Soporte,TIJUANA PLAYAS D,SALVATIERRA,CRCE 3,CRCE3TIJT1204,Victor Hugo Ignacio Briseno,46300.63932,46300.74736,Terminada,Falla En ONT,"Da√±o F√≠sico (Descarga El√©ctrica, Insectos, Humedad, otro)",Cambio ONT
111151842,447033510,OS-66487326,39006539,Soporte,TIJUANA PLAYAS D,AMPLIACION ROSAMAR 2,JELTM ASESORES FISCALES SA DE CV 3,JELE3TIJT0147,Eimar Orlando Beltran Ceja,46300.44919,46300.75663,Terminada,Falla En ONT,Falla En Puerto √ìptico,Limpieza de Puerto Optico
112126814,447090427,OS-66491949,39012368,Soporte,TIJUANA PLAYAS D,SALVATIERRA,CRCE 3,CRCE3TIJT1197,Juan Antonio Rivera Valdez,46300.55326,46300.72188,Terminada,Corte de Fibra/ Preconectorizada / Sin Servicio,"Mala Instalaci√≥n Unifibra (En Tensor, FO Ahorcada, Trayectoria)",Correccion de Anomalias en Acometida
142474107,446956909,OS-66470949,38993159,Soporte,TIJUANA PLAYAS D,FUNDADORES,CRCE 3,CRCE3TIJT1199,Agustin Reyes Rendon,46299.84174,46300.68779,Terminada,Corte de Fibra/ Preconectorizada / Sin Servicio,Poda de Arboles,Cambio de Trayectoria Acometida
109131132,446929438,OS-66468586,38990601,Soporte,TIJUANA PLAYAS D,REFUGIO,JELTM ASESORES FISCALES SA DE CV 3,JELE3TIJT0130,Miguel Gustavo Dagnino Romo,46299.69017,46300.48698,Terminada,Corte de Fibra/ Preconectorizada / Sin Servicio,"Mala Instalaci√≥n Unifibra (En Tensor, FO Ahorcada, Trayectoria)",Correccion de Anomalias en Acometida
102525263,446921585,OS-66467967,38989874,Soporte,TIJUANA PLAYAS D,ZAPATA,JELTM ASESORES FISCALES SA DE CV 3,JELE3TIJT0127,Francisco Antonio Arvizu Samaniego,46299.66329,46300.60155,Terminada,"Falla Cableado (UTP, Telefonico)","Desgaste de Cableado (Clima, Tiempo de Vida)",Cambio de Cableado UTP/Telef√≥nico
104504870,446939361,OS-66469358,38991499,Soporte,TIJUANA PLAYAS D,ALTAMIRA,CRCE 3,CRCE3TIJT4083,Carlos Alberto Acosta Martinez,46299.72902,46300.51611,Terminada,Falla En STB,Falla En Fuente De Poder,Cambio STB
116425300,447010648,OS-66485454,39004219,Soporte,TIJUANA PLAYAS D,ALTAMIRA,CRCE 3,CRCE3TIJT4077,Felipe Aguilar Quezada,46300.40628,46300.51675,Terminada,Falla en Conectores,Falla Conector Prepulido,Cambio Ambos Conectores Prepulidos
140781930,446934454,OS-66468956,38991045,Soporte,TIJUANA PLAYAS D,FUNDADORES,CRCE 3,CRCE3TIJT4078,Erik Leyva Escobedo,46299.70844,46300.51757,Terminada,Corte de Fibra/ Preconectorizada / Sin Servicio,"Mala Instalaci√≥n Unifibra (En Tensor, FO Ahorcada, Trayectoria)",Correccion de Anomalias en Acometida
143453249,446951128,OS-66470386,38992589,Soporte,TIJUANA PLAYAS D,SALVATIERRA,CRCE 3,CRCE3TIJT1204,Victor Hugo Ignacio Briseno,46299.79487,46300.50012,Terminada,Corte de Fibra/ Preconectorizada / Sin Servicio,Vandalismo,Cambio de Acometida Unifibra
141177725,446970864,OS-66482424,39000450,Soporte,TIJUANA PLAYAS D,VALLE VERDE,ADDNOVATI 3,ADDE3ENST0106,Luis Alberto Navarro Santos,46300.29911,46300.55672,Terminada,No Se Encontro Falla,Asesor√≠a uso servicio de Internet,Redes 2.4G y 5G
102500641,447000020,OS-66484621,39003219,Soporte,TIJUANA PLAYAS D,ALTAMIRA,CRCE 3,CRCE3TIJT4086,Joshua Lozano Flores,46300.38455,46300.83806,Terminada,Corte de Fibra/ Preconectorizada / Sin Servicio,Fibra Inducida / Factor Clim√°tico,Cambio de Acometida Unifibra
143324574,446759680,OS-66439312,38968206,Soporte,TIJUANA PLAYAS D,ALTAMIRA,CRCE 3,CRCE3TIJT2035,Oscar Rafael Mendoza Santiago,46298.75069,46300.46965,Terminada,No Se Encontro Falla,Asesor√≠a uso servicio de Internet,Redes 2.4G y 5G
140390800,446986568,OS-66483535,39001901,Soporte,TIJUANA PLAYAS D,ZAPATA,JELTM ASESORES FISCALES SA DE CV 3,JELE3TIJT0124,Luis Alberto Torres Santibanez,46300.35341,46300.46512,Terminada,Falla en Conectores,Falla Conector Prepulido,Cambio Ambos Conectores Prepulidos
102687738,447079818,OS-66491167,39011328,Soporte,TIJUANA PLAYAS D,ZAPATA,JELTM ASESORES FISCALES SA DE CV 3,JELE3TIJT0129,Juan Carlos Estrada Sanchez,46300.5348,46300.81171,Terminada,Corte de Fibra/ Preconectorizada / Sin Servicio,"Mala Instalaci√≥n Unifibra (En Tensor, FO Ahorcada, Trayectoria)",Correccion de Anomalias en Acometida
121788822,447002894,OS-66484824,39003465,Soporte,TIJUANA PLAYAS D,PLAYAS TIJUANA,CRCE 3,CRCE3TIJT4093,Jose Rodolfo Lopez Plata,46300.39052,46300.84491,Terminada,Falla En ONT,Falla En Puerto √ìptico,Limpieza de Puerto Optico
105693451,446924396,OS-66468191,38990137,Soporte,TIJUANA PLAYAS D,ZAPATA,JELTM ASESORES FISCALES SA DE CV 3,JELE3TIJT0191,Martin Rogelio Nu√±ez Hernandez,46299.6724,46300.81291,Terminada,Falla En ONT,Falla En Puerto √ìptico,Limpieza de Puerto Optico
117251992,446960177,OS-66471351,38993566,Soporte,TIJUANA PLAYAS D,REFUGIO,ITAI 3,ITAM3NTET0101,Luis Alfonso Villavicencio Osorio,46299.89028,46300.8335,Terminada,Corte de Fibra/ Preconectorizada / Sin Servicio,"Mala Instalaci√≥n Unifibra (En Tensor, FO Ahorcada, Trayectoria)",Correccion de Anomalias en Acometida
141647658,446941965,OS-66469591,38991762,Soporte,TIJUANA PLAYAS D,PLAYA HERMOSA,JELTM ASESORES FISCALES SA DE CV 3,JELE3ENST0107,Alberto Maldonado Aviles,46299.74179,46300.45244,Terminada,Falla en Conectores,Falla Conector Prepulido,Cambio Ambos Conectores Prepulidos
105690298,446925672,OS-66468294,38990265,Soporte,TIJUANA PLAYAS D,ALTAMIRA,CRCE 3,CRCE3TIJT1178,Marcos Iran Morales Espinoza,46299.67707,46300.49207,Terminada,Corte de Fibra/ Preconectorizada / Sin Servicio,"Mala Instalaci√≥n Unifibra (En Tensor, FO Ahorcada, Trayectoria)",Reasignaci√≥n de Splitter 2N (Cambio de Acometida)
127891565,446850776,OS-66459304,38983320,Soporte,TIJUANA PLAYAS D,NATURA,JELTM ASESORES FISCALES SA DE CV 3,JELE3TIJT0151,Gabriel Sebastian Dominguez Rodriguez,46299.47734,46300.48256,Terminada,Falla en Conectores,Falla Conector Prepulido,Cambio Conector Prepulido Splitter
140373295,447103031,OS-66492991,39013687,Soporte,TIJUANA PLAYAS D,VALLE VERDE,ADDNOVATI 3,ADDE3ENST0102,Javier Eduardo Renteria Martinez,46300.57926,46301.41052,Terminada,No Se Encontro Falla,Asesor√≠a uso servicio de Internet,Redes 2.4G y 5G
143293756,446961602,OS-66471566,38993785,Soporte,TIJUANA PLAYAS D,NATURA,JELTM ASESORES FISCALES SA DE CV 3,JELE3TIJT0161,Angel Gabriel Ignacio Nava,46299.92237,46300.50867,Terminada,Falla En ONT,"Da√±o F√≠sico (Descarga El√©ctrica, Insectos, Humedad, otro)",Cambio ONT
143739636,446995014,OS-66484206,39002742,Soporte,TIJUANA PLAYAS D,AMPLIACION VALLE VERDE 3,ADDNOVATI 3,ADDE3ENST0106,Luis Alberto Navarro Santos,46300.37315,46300.49764,Terminada,Falla en Conectores,Falla Conector Prepulido,Cambio Conector Prepulido Splitter
141701926,447127253,OS-66495196,39016415,Soporte,TIJUANA PLAYAS D,AMPLIACION PLAYA HERMOSA 4,JELTM ASESORES FISCALES SA DE CV 3,JELE3ENST0103,Eissa Beltran Javier,46300.63284,46300.71016,Terminada,No Se Encontro Falla,Asesor√≠a uso de servicio de Televisi√≥n,Asesor√≠a uso de la STB (Wifi)
124741129,447065783,OS-66489922,39009797,Soporte,TIJUANA PLAYAS D,AMPLIACION ROSAMAR 2,JELTM ASESORES FISCALES SA DE CV 3,JELE3TIJT0168,Adalberto Rocha Ceja,46300.50634,46300.74926,Terminada,Falla En ONT,ONT No Configurada (Sin Servicio),Reaprovisionamiento ONT
103163644,446993136,OS-66484047,39002546,Soporte,TIJUANA PLAYAS D,ZAPATA,JELTM ASESORES FISCALES SA DE CV 3,JELE3TIJT0110,Sergio Gonzalez Cervantes,46300.36876,46300.79466,Terminada,No Se Encontro Falla,Asesor√≠a uso servicio de Internet,Pruebas de ancho de banda
105610418,447099210,OS-66492699,39013316,Soporte,TIJUANA PLAYAS D,AMPLIACION PLAYA HERMOSA 1,JELTM ASESORES FISCALES SA DE CV 3,JELE3ENST0106,Francisco Javier Hernandez Cano,46300.57169,46300.8087,Terminada,"Falla Cableado (UTP, Telefonico)","Desgaste de Cableado (Clima, Tiempo de Vida)",Cambio de Cableado UTP/Telef√≥nico
112688808,447109032,OS-66493453,39014259,Soporte,TIJUANA PLAYAS D,ALTAMIRA,ITAI 3,ITAM3NTET0102,Dorian Ivan Hernandez Valtierra,46300.5917,46300.81882,Terminada,Corte de Fibra/ Preconectorizada / Sin Servicio,"Mala Instalaci√≥n Unifibra (En Tensor, FO Ahorcada, Trayectoria)",Correccion de Anomalias en Acometida
120457265,446962598,OS-66471686,38993897,Soporte,TIJUANA PLAYAS D,PLAYAS TIJUANA,CRCE 3,CRCE3TIJT1179,Miguel Angel Hernandez Cruz,46299.96174,46300.7341,Terminada,No Se Encontro Falla,Asesor√≠a uso servicio de Internet,Redes 2.4G y 5G
140719967,447063295,OS-66489709,39009531,Soporte,TIJUANA PLAYAS D,FUNDADORES,CRCE 3,CRCE3TIJT4089,Cristian Andres Cabral Roman,46300.5013,46300.76581,Terminada,Corte de Fibra/ Preconectorizada / Sin Servicio,"Mala Instalaci√≥n Unifibra (En Tensor, FO Ahorcada, Trayectoria)",Cambio de Acometida Unifibra
104409648,447175060,OS-66499456,39021628,Soporte,TIJUANA PLAYAS D,PLAYA HERMOSA,JELTM ASESORES FISCALES SA DE CV 3,JELE3ENST0102,Caleb Molina Gutierrez,46300.7417,46301.44425,Terminada,Falla en Conectores,Falla Conector Prepulido,Cambio Ambos Conectores Prepulidos
105511443,446942481,OS-66469638,38991819,Soporte,TIJUANA PLAYAS D,ZAPATA,JELTM ASESORES FISCALES SA DE CV 3,JELE3TIJT0131,Bernar Alejandro Gonzalez Noguera,46299.74471,46300.45087,Terminada,No Se Encontro Falla,Asesor√≠a uso servicio de Internet,Redes 2.4G y 5G
143664432,447239226,OS-66515705,39033021,Soporte,TIJUANA PLAYAS D,ZAPATA,JELTM ASESORES FISCALES SA DE CV 3,JELE3TIJT0120,Jose Alfredo Pegueros Magana,46301.35131,46301.4634,Terminada,Corte de Fibra/ Preconectorizada / Sin Servicio,"Mala Instalaci√≥n Unifibra (En Tensor, FO Ahorcada, Trayectoria)",Correccion de Anomalias en Acometida
128673742,446962225,OS-66471640,38993855,Soporte,TIJUANA PLAYAS D,ALTAMIRA,CRCE 3,CRCE3TIJT1195,Pedro Zamora Rivera,46299.9455,46301.48988,Terminada,Corte de Fibra/ Preconectorizada / Sin Servicio,Poda de Arboles,Cambio de Acometida Unifibra
143810246,446997680,OS-66484451,39003021,Soporte,TIJUANA PLAYAS D,ALTAMIRA,CRCE 3,CRCE3TIJT4077,Felipe Aguilar Quezada,46300.37956,46300.6712,Terminada,No Se Encontro Falla,"Asesor√≠a dispositivos cliente (PC, Caonsolas, Laptop, etc)",Redes 2.4G y 5G
104223902,446925983,OS-66468362,38990338,Soporte,TIJUANA PLAYAS D,PLAYAS TIJUANA,CRCE 3,CRCE3TIJT4086,Joshua Lozano Flores,46299.67964,46300.45231,Terminada,No Se Encontro Falla,Asesor√≠a uso de servicio de Televisi√≥n,Asesor√≠a uso de la STB (Wifi)
130531618,446925123,OS-66468254,38990212,Soporte,TIJUANA PLAYAS D,ZAPATA,JELTM ASESORES FISCALES SA DE CV 3,JELE3TIJT0169,Salatiel Alexandro De La O Ricardo,46299.67515,46300.90138,Terminada,Corte de Fibra/ Preconectorizada / Sin Servicio,Veh√≠culo con Exceso de Dimensiones,Cambio de Trayectoria Acometida
141647597,447029042,OS-66487030,39006154,Soporte,TIJUANA PLAYAS D,SALVATIERRA,CRCE 3,CRCE3TIJT1211,Leonel Rosales Mejia,46300.44191,46300.64869,Terminada,No Se Encontro Falla,Asesor√≠a uso servicio de Internet,Pruebas de ancho de banda
127974400,447063779,OS-66489751,39009581,Soporte,TIJUANA PLAYAS D,SALVATIERRA,CRCE 3,CRCE3TIJT4076,Jonatan Gabriel Lopez Contreras,46300.50227,46300.70686,Terminada,"Falla Cableado (UTP, Telefonico)","Desgaste de Cableado (Clima, Tiempo de Vida)",Cambio de Cableado UTP/Telef√≥nico
113083209,446944913,OS-66469855,38992044,Soporte,TIJUANA PLAYAS D,NATURA,JELTM ASESORES FISCALES SA DE CV 3,JELE3TIJT0129,Juan Carlos Estrada Sanchez,46299.75736,46300.70373,Terminada,Corte de Fibra/ Preconectorizada / Sin Servicio,"Mala Instalaci√≥n Unifibra (En Tensor, FO Ahorcada, Trayectoria)",Correccion de Anomalias en Acometida
143844008,NA,OS-66439064,38967933,Instalaci√≥n,TIJUANA PLAYAS D,ZAPATA,ITAI 3,ITAM3NTET0101,Luis Alfonso Villavicencio Osorio,46298.74013,46300.50933,Terminada,NA,NA,NA
106492266,446947519,OS-66470097,38992287,Addons,TIJUANA PLAYAS D,FUNDADORES,ITAI 3,ITAM3NTET0102,Dorian Ivan Hernandez Valtierra,46299.77235,46300.66045,Terminada,NA,NA,NA
Hallazgos,1,NA,39017377,Mantenimiento Menor,TIJUANA PLAYAS D,SALVATIERRA,ITAI 3,ITAM3NTET0101,Luis Alfonso Villavicencio Osorio,46300.65019,46300.7049,Terminada,NA,NA,NA
143849522,NA,OS-66484900,39003563,Instalaci√≥n,TIJUANA PLAYAS D,AMPLIACION VALLE VERDE,ADDNOVATI 3,ADDE3ENST0122,Daniel Abraham Constancia Garcia,46300.39259,46300.53279,Terminada,NA,NA,NA
143847575,NA,OS-66468271,38990234,Instalaci√≥n,TIJUANA PLAYAS D,VALLE VERDE,ADDNOVATI 3,ADDE3ENST0122,Daniel Abraham Constancia Garcia,46299.67627,46300.7955,Terminada,NA,NA,NA
143845717,NA,OS-66458683,38982567,Instalaci√≥n,TIJUANA PLAYAS D,PLAYA HERMOSA,JELTM ASESORES FISCALES SA DE CV 3,JELE3ENST0121,Edgar Omar Manzano Adame,46299.45814,46300.79542,Terminada,NA,NA,NA
143852666,NA,OS-66493610,39014451,Instalaci√≥n,TIJUANA PLAYAS D,PLAYA HERMOSA_6_A,ADDNOVATI 3,ADDE3ENST0120,Carlos Hiroshi Garcia Garcia,46300.59515,46300.82971,Terminada,NA,NA,NA
143856235,NA,OS-66516158,39033608,Instalaci√≥n,TIJUANA PLAYAS D,VALLE VERDE,ADDNOVATI 3,ADDE3ENST0102,Javier Eduardo Renteria Martinez,46301.36627,46301.44234,Terminada,NA,NA,NA
143847253,NA,OS-66462779,38987424,Instalaci√≥n,TIJUANA PLAYAS D,VALLE VERDE,ADDNOVATI 3,ADDE3ENST0102,Javier Eduardo Renteria Martinez,46299.59924,46300.46304,Terminada,NA,NA,NA
143850984,NA,OS-66488982,39008671,Instalaci√≥n,TIJUANA PLAYAS D,VALLE VERDE,ADDNOVATI 3,ADDE3ENST0102,Javier Eduardo Renteria Martinez,46300.48587,46300.75677,Terminada,NA,NA,NA
143851481,NA,OS-66491021,39011164,Instalaci√≥n,TIJUANA PLAYAS D,PLAYA HERMOSA_6_A,JELTM ASESORES FISCALES SA DE CV 3,JELE3ENST0120,Emanuel Rodriguez Vega,46300.53188,46300.77802,Terminada,NA,NA,NA
143854043,NA,OS-66496383,39017942,Instalaci√≥n,TIJUANA PLAYAS D,PLAYA HERMOSA_6_A,JELTM ASESORES FISCALES SA DE CV 3,JELE3ENST0120,Emanuel Rodriguez Vega,46300.66226,46300.8466,Terminada,NA,NA,NA
143854843,NA,OS-66499615,39021809,Instalaci√≥n,TIJUANA PLAYAS D,PLAYA HERMOSA_6_A,JELTM ASESORES FISCALES SA DE CV 3,JELE3ENST0120,Emanuel Rodriguez Vega,46300.74589,46301.4883,Terminada,NA,NA,NA
143850673,NA,OS-66487787,39007167,Instalaci√≥n,TIJUANA PLAYAS D,PLAYA HERMOSA_6_A,JELTM ASESORES FISCALES SA DE CV 3,JELE3ENST0120,Emanuel Rodriguez Vega,46300.45963,46300.6538,Terminada,NA,NA,NA
143851941,NA,OS-66494370,39015362,Instalaci√≥n,TIJUANA PLAYAS D,AMPLIACION VALLE VERDE 2,ADDNOVATI 3,ADDE3ENST0106,Luis Alberto Navarro Santos,46300.61206,46300.80446,Terminada,NA,NA,NA
143851249,NA,OS-66490351,39010359,Instalaci√≥n,TIJUANA PLAYAS D,AMPLIACION VALLE VERDE 3,ADDNOVATI 3,ADDE3ENST0106,Luis Alberto Navarro Santos,46300.51525,46300.71184,Terminada,NA,NA,NA
143854242,NA,OS-66497269,39019052,Instalaci√≥n,TIJUANA PLAYAS D,AMPLIACION VALLE VERDE 3,ADDNOVATI 3,ADDE3ENST0110,Jesus Francisco Espinoza Valenzuela,46300.68235,46300.7948,Terminada,NA,NA,NA
143849373,NA,OS-66485526,39004297,Instalaci√≥n,TIJUANA PLAYAS D,VALLE VERDE,ADDNOVATI 3,ADDE3ENST0110,Jesus Francisco Espinoza Valenzuela,46300.40777,46300.56552,Terminada,NA,NA,NA
143851640,NA,OS-66492949,39013631,Instalaci√≥n,TIJUANA PLAYAS D,VALLE VERDE,ADDNOVATI 3,ADDE3ENST0103,Gustavo Angel Solano Camarillo,46300.5781,46300.80387,Terminada,NA,NA,NA
143849910,NA,OS-66485714,39004530,Instalaci√≥n,TIJUANA PLAYAS D,PLAYA HERMOSA,ADDNOVATI 3,ADDE3ENST0101,Juan Carlos Campos Ortega,46300.41194,46300.54212,Terminada,NA,NA,NA
143851851,NA,OS-66492856,39013517,Instalaci√≥n,TIJUANA PLAYAS D,PLAYA HERMOSA,JELTM ASESORES FISCALES SA DE CV 3,JELE3ENST0102,Caleb Molina Gutierrez,46300.57545,46300.78432,Terminada,NA,NA,NA
143846943,NA,OS-66470088,38992279,Instalaci√≥n,TIJUANA PLAYAS D,PLAYA HERMOSA,JELTM ASESORES FISCALES SA DE CV 3,JELE3ENST0102,Caleb Molina Gutierrez,46299.77212,46300.46949,Terminada,NA,NA,NA
143848357,NA,OS-66469419,38991565,Instalaci√≥n,TIJUANA PLAYAS D,PLAYA HERMOSA_6_A,JELTM ASESORES FISCALES SA DE CV 3,JELE3ENST0119,Job Molina Gutierrez,46299.73185,46301.45973,Terminada,NA,NA,NA
143850797,NA,OS-66488624,39008230,Instalaci√≥n,TIJUANA PLAYAS D,VALLE VERDE,ADDNOVATI 3,ADDE3ENST0114,Jorge De Jesus Ortiz Romero,46300.47785,46300.77758,Terminada,NA,NA,NA
143853828,NA,OS-66496152,39017669,Instalaci√≥n,TIJUANA PLAYAS D,PLAYA HERMOSA_3_A,JELTM ASESORES FISCALES SA DE CV 3,JELE3ENST0113,Jeremy Israel Rodriguez Ramiro,46300.65657,46300.80203,Terminada,NA,NA,NA
143852082,NA,OS-66491733,39012068,Instalaci√≥n,TIJUANA PLAYAS D,PLAYA HERMOSA_3_A,JELTM ASESORES FISCALES SA DE CV 3,JELE3ENST0115,Gadiel Salas Castaneda,46300.54823,46300.73487,Terminada,NA,NA,NA
143853211,NA,OS-66494614,39015677,Instalaci√≥n,TIJUANA PLAYAS D,PLAYA HERMOSA_6_A,JELTM ASESORES FISCALES SA DE CV 3,JELE3ENST0115,Gadiel Salas Castaneda,46300.61874,46300.88698,Terminada,NA,NA,NA
143852474,NA,OS-66492847,39013505,Instalaci√≥n,TIJUANA PLAYAS D,PLAYA HERMOSA,JELTM ASESORES FISCALES SA DE CV 3,JELE3ENST0114,Gilberto Carlos Arce Aviles,46300.57515,46300.72084,Terminada,NA,NA,NA
143853007,NA,OS-66493909,39014806,Instalaci√≥n,TIJUANA PLAYAS D,PLAYA HERMOSA_6_A,JELTM ASESORES FISCALES SA DE CV 3,JELE3ENST0108,Angel Adolfo Lopez Trujillo,46300.60237,46300.80277,Terminada,NA,NA,NA
143851819,NA,OS-66491538,39011798,Instalaci√≥n,TIJUANA PLAYAS D,PLAYA HERMOSA,JELTM ASESORES FISCALES SA DE CV 3,JELE3ENST0108,Angel Adolfo Lopez Trujillo,46300.54338,46300.69897,Terminada,NA,NA,NA
143833414,NA,OS-66379340,38914474,Instalaci√≥n,TIJUANA PLAYAS D,PLAYA HERMOSA,JELTM ASESORES FISCALES SA DE CV 3,JELE3ENST0107,Alberto Maldonado Aviles,46296.87516,46300.68719,Terminada,NA,NA,NA
143849071,NA,OS-66487771,39007142,Instalaci√≥n,TIJUANA PLAYAS D,PLAYA HERMOSA_6_A,JELTM ASESORES FISCALES SA DE CV 3,JELE3ENST0108,Angel Adolfo Lopez Trujillo,46300.45918,46300.88806,Terminada,NA,NA,NA
200939404,1,NA,39015074,Hallazgo Empresarial,TIJUANA PLAYAS D,PLAYA HERMOSA,JELTM ASESORES FISCALES SA DE CV 3,JELE3ENST0113,Jeremy Israel Rodriguez Ramiro,46300.60654,46300.69354,Terminada,NA,NA,NA
200939404,1,NA,39015154,Hallazgo Empresarial,TIJUANA PLAYAS D,PLAYA HERMOSA,JELTM ASESORES FISCALES SA DE CV 3,JELE3ENST0113,Jeremy Israel Rodriguez Ramiro,46300.60799,46300.69466,Terminada,NA,NA,NA
200934001,1,NA,39021323,Hallazgo Empresarial,TIJUANA PLAYAS D,VALLE VERDE,JELTM ASESORES FISCALES SA DE CV 3,JELE3ENST0101,Luis Alejandro Morfin Orozco,46300.73331,46300.83226,Terminada,NA,NA,NA
131673466,446219849,OS-66372437,38906440,Cambio De Plan,TIJUANA PLAYAS D,AMPLIACION PLAYA HERMOSA 2,ADDNOVATI 3,ADDE3ENST0101,Juan Carlos Campos Ortega,46296.61892,46300.419,Terminada,NA,NA,NA
142690448,447226774,OS-66515075,39032105,Cambio De Domicilio,TIJUANA PLAYAS D,AMPLIACION PLAYA HERMOSA 3,JELTM ASESORES FISCALES SA DE CV 3,JELE3ENST0115,Gadiel Salas Castaneda,46301.32131,46301.49237,Terminada,NA,NA,NA
141819373,446695692,OS-66433551,38961430,Cambio De Domicilio,TIJUANA PLAYAS D,AMPLIACION PLAYA HERMOSA 4,JELTM ASESORES FISCALES SA DE CV 3,JELE3ENST0121,Edgar Omar Manzano Adame,46298.55794,46300.51757,Terminada,NA,NA,NA
143157740,446401221,OS-66398564,38928126,Cambio De Plan,TIJUANA PLAYAS D,PLAYA HERMOSA,ADDNOVATI 3,ADDE3ENST0101,Juan Carlos Campos Ortega,46297.46413,46300.6763,Terminada,NA,NA,NA
143106778,446782846,OS-66441186,38970130,Cambio De Domicilio,TIJUANA PLAYAS D,PLAYA HERMOSA,JELTM ASESORES FISCALES SA DE CV 3,JELE3ENST0106,Francisco Javier Hernandez Cano,46298.88938,46300.49817,Terminada,NA,NA,NA
117976981,446913264,OS-66467275,38989023,Cambio De Plan,TIJUANA PLAYAS D,PLAYA HERMOSA,ADDNOVATI 3,ADDE3ENST0101,Juan Carlos Campos Ortega,46299.63483,46300.47597,Terminada,NA,NA,NA
143506945,446928079,OS-66468590,38990610,Cambio De Plan,TIJUANA PLAYAS D,PLAYA HERMOSA,JELTM ASESORES FISCALES SA DE CV 3,JELE3ENST0103,Eissa Beltran Javier,46299.69034,46300.45985,Terminada,NA,NA,NA
140733161,447061904,OS-66489597,39009406,Cambio De Plan,TIJUANA PLAYAS D,PLAYA HERMOSA,JELTM ASESORES FISCALES SA DE CV 3,JELE3ENST0103,Eissa Beltran Javier,46300.49898,46300.56435,Terminada,NA,NA,NA
127072032,446588129,OS-66426231,38952449,Cambio De Domicilio,TIJUANA PLAYAS D,PLAYA HERMOSA,JELTM ASESORES FISCALES SA DE CV 3,JELE3ENST0108,Angel Adolfo Lopez Trujillo,46298.3419,46301.50015,Terminada,NA,NA,NA
143554951,446945111,OS-66469877,38992067,Cambio De Domicilio,TIJUANA PLAYAS D,PLAYA HERMOSA,JELTM ASESORES FISCALES SA DE CV 3,JELE3ENST0108,Angel Adolfo Lopez Trujillo,46299.75844,46300.49057,Terminada,NA,NA,NA
140905141,446986982,OS-66483574,39001951,Cambio De Domicilio,TIJUANA PLAYAS D,VALLE VERDE,ADDNOVATI 3,ADDE3ENST0114,Jorge De Jesus Ortiz Romero,46300.35444,46300.48693,Terminada,NA,NA,NA
104328870,447024868,OS-66486690,39005685,Addons,TIJUANA PLAYAS D,VALLE VERDE,ADDNOVATI 3,ADDE3ENST0114,Jorge De Jesus Ortiz Romero,46300.43328,46300.51537,Terminada,NA,NA,NA
104947127,447033488,OS-66487343,39006562,Addons,TIJUANA PLAYAS D,VALLE VERDE,ADDNOVATI 3,ADDE3ENST0103,Gustavo Angel Solano Camarillo,46300.44971,46300.52506,Terminada,NA,NA,NA
124247833,446927976,OS-66468467,38990465,Cambio De Domicilio,TIJUANA PLAYAS D,VALLE VERDE,ADDNOVATI 3,ADDE3ENST0102,Javier Eduardo Renteria Martinez,46299.68505,46300.54549,Terminada,NA,NA,NA
Hallazgos,1,NA,39004733,Mantenimiento Menor,TIJUANA PLAYAS D,AMPLIACION VALLE VERDE,JELTM ASESORES FISCALES SA DE CV 3,JELE3ENST0105,Alex Roman Valenzuela Acevedo,46300.41598,46300.62941,Terminada,NA,NA,NA
Hallazgos,1,NA,39013995,Mantenimiento Menor,TIJUANA PLAYAS D,AMPLIACION VALLE VERDE 3,JELTM ASESORES FISCALES SA DE CV 3,JELE3ENST0105,Alex Roman Valenzuela Acevedo,46300.58611,46300.83944,Terminada,NA,NA,NA
Hallazgos,1,NA,39013855,Mantenimiento Menor,TIJUANA PLAYAS D,AMPLIACION VALLE VERDE 3,JELTM ASESORES FISCALES SA DE CV 3,JELMTENST0101,Juan Manuel Ruelas Munoz,46300.58286,46300.68963,Terminada,NA,NA,NA
Hallazgos,1,NA,39003769,Mantenimiento Menor,TIJUANA PLAYAS D,PLAYA HERMOSA,JELTM ASESORES FISCALES SA DE CV 3,JELMTENST0101,Juan Manuel Ruelas Munoz,46300.39689,46300.61641,Terminada,NA,NA,NA
Hallazgos,1,NA,39004674,Mantenimiento Menor,TIJUANA PLAYAS D,PLAYA HERMOSA,JELTM ASESORES FISCALES SA DE CV 3,JELMTENST0100,Ricardo Guzman Lopez,46300.41461,46300.51179,Terminada,NA,NA,NA
Hallazgos,1,NA,39003732,Mantenimiento Menor,TIJUANA PLAYAS D,PLAYA HERMOSA,JELTM ASESORES FISCALES SA DE CV 3,JELMTENST0102,Gabriel Ivan Gomez Contreras,46300.39594,46300.52416,Terminada,NA,NA,NA
Hallazgos,1,NA,39014021,Mantenimiento Menor,TIJUANA PLAYAS D,PLAYA HERMOSA,JELTM ASESORES FISCALES SA DE CV 3,JELMTENST0102,Gabriel Ivan Gomez Contreras,46300.5867,46300.71777,Terminada,NA,NA,NA
Hallazgos,1,NA,39005260,Mantenimiento Menor,TIJUANA PLAYAS D,PLAYAS TIJUANA,CRCE 3,CRCMTTIJT0106,Jose Jesus Laguna Rodriguez,46300.42538,46300.54184,Terminada,NA,NA,NA
Hallazgos,1,NA,39013380,Mantenimiento Menor,TIJUANA PLAYAS D,PLAYAS TIJUANA,CRCE 3,CRCMTTIJT0106,Jose Jesus Laguna Rodriguez,46300.5727,46300.67691,Terminada,NA,NA,NA
Hallazgos,1,NA,39003325,Mantenimiento Mayor,TIJUANA PLAYAS D,SALVATIERRA,ECO TELECOM 3,ECOMTTIJT1026,Ismael Asiain Guzman,46300.38708,46300.61497,Terminada,NA,NA,NA
Hallazgos,1,NA,39003310,Mantenimiento Mayor,TIJUANA PLAYAS D,SALVATIERRA,ECO TELECOM 3,ECOMTTIJT1025,Kevin Andres Luna Lopez,46300.3867,46300.67117,Terminada,NA,NA,NA
Hallazgos,1,NA,39003268,Mantenimiento Mayor,TIJUANA PLAYAS D,SALVATIERRA,ECO TELECOM 3,ECOMTTIJT1013,Ramon Crisologo Soto Nunez,46300.38563,46300.6141,Terminada,NA,NA,NA
Hallazgos,1,NA,39003812,Mantenimiento Menor,TIJUANA PLAYAS D,ZAPATA,JELTM ASESORES FISCALES SA DE CV 3,JELMTTIJT0105,Francisco Guadalupe Durazo Galindo,46300.39773,46300.50186,Terminada,NA,NA,NA
Hallazgos,1,NA,39004695,Mantenimiento Menor,TIJUANA PLAYAS D,ZAPATA,JELTM ASESORES FISCALES SA DE CV 3,JELMTTIJT0102,Jaime Solis Macias,46300.41519,46300.52551,Terminada,NA,NA,NA
Hallazgos,1,NA,39004871,Mantenimiento Menor,TIJUANA PLAYAS D,ZAPATA,JELTM ASESORES FISCALES SA DE CV 3,JELMTTIJT0104,Elihu Morales Lopez,46300.41863,46300.54229,Terminada,NA,NA,NA
Hallazgos,1,NA,39010245,Mantenimiento Menor,TIJUANA PLAYAS D,AMPLIACION VALLE VERDE,ADDNOVATI 3,ADDE3ENST0120,Carlos Hiroshi Garcia Garcia,46300.51345,46300.68711,Terminada,NA,NA,NA
Hallazgos,1,NA,39016736,Mantenimiento Menor,TIJUANA PLAYAS D,AMPLIACION VALLE VERDE,ADDNOVATI 3,ADDE3ENST0120,Carlos Hiroshi Garcia Garcia,46300.63902,46300.72347,Terminada,NA,NA,NA
Hallazgos,1,NA,39010530,Mantenimiento Menor,TIJUANA PLAYAS D,AMPLIACION VALLE VERDE,ADDNOVATI 3,ADDE3ENST0103,Gustavo Angel Solano Camarillo,46300.51861,46300.67929,Terminada,NA,NA,NA
Hallazgos,1,NA,39016595,Mantenimiento Menor,TIJUANA PLAYAS D,AMPLIACION VALLE VERDE,ADDNOVATI 3,ADDE3ENST0110,Jesus Francisco Espinoza Valenzuela,46300.63645,46300.72458,Terminada,NA,NA,NA
Hallazgos,1,NA,39016561,Mantenimiento Menor,TIJUANA PLAYAS D,AMPLIACION VALLE VERDE,ADDNOVATI 3,ADDE3ENST0103,Gustavo Angel Solano Camarillo,46300.63581,46300.72417,Terminada,NA,NA,NA
Hallazgos,1,NA,39010946,Mantenimiento Menor,TIJUANA PLAYAS D,AMPLIACION VALLE VERDE,ADDNOVATI 3,ADDE3ENST0110,Jesus Francisco Espinoza Valenzuela,46300.52728,46300.68575,Terminada,NA,NA,NA
Hallazgos,1,NA,39018474,Mantenimiento Menor,TIJUANA PLAYAS D,AMPLIACION VALLE VERDE,ADDNOVATI 3,ADDE3ENST0120,Carlos Hiroshi Garcia Garcia,46300.67249,46300.72696,Terminada,NA,NA,NA
Hallazgos,1,NA,39017183,Mantenimiento Menor,TIJUANA PLAYAS D,AMPLIACION VALLE VERDE 3,JELTM ASESORES FISCALES SA DE CV 3,JELMTENST0101,Juan Manuel Ruelas Munoz,46300.64648,46300.73274,Terminada,NA,NA,NA
Hallazgos,1,NA,39019440,Mantenimiento Menor,TIJUANA PLAYAS D,AMPLIACION VALLE VERDE 3,JELTM ASESORES FISCALES SA DE CV 3,JELMTENST0101,Juan Manuel Ruelas Munoz,46300.69067,46300.81497,Terminada,NA,NA,NA
Hallazgos,1,NA,39034680,Mantenimiento Menor,TIJUANA PLAYAS D,AMPLIACION VALLE VERDE 3,JELTM ASESORES FISCALES SA DE CV 3,JELMTENST0100,Ricardo Guzman Lopez,46301.39108,46301.48872,Terminada,NA,NA,NA
Hallazgos,1,NA,39017153,Mantenimiento Menor,TIJUANA PLAYAS D,AMPLIACION VALLE VERDE 3,JELTM ASESORES FISCALES SA DE CV 3,JELE3ENST0105,Alex Roman Valenzuela Acevedo,46300.64579,46300.70907,Terminada,NA,NA,NA
Hallazgos,1,NA,39018642,Mantenimiento Menor,TIJUANA PLAYAS D,AMPLIACION VALLE VERDE 3,JELTM ASESORES FISCALES SA DE CV 3,JELE3ENST0105,Alex Roman Valenzuela Acevedo,46300.67541,46300.91942,Terminada,NA,NA,NA
Hallazgos,1,NA,39008693,Mantenimiento Menor,TIJUANA PLAYAS D,PLAYA HERMOSA,JELTM ASESORES FISCALES SA DE CV 3,JELMTENST0102,Gabriel Ivan Gomez Contreras,46300.48639,46300.62035,Terminada,NA,NA,NA
Hallazgos,1,NA,39011193,Mantenimiento Menor,TIJUANA PLAYAS D,PLAYA HERMOSA,JELTM ASESORES FISCALES SA DE CV 3,JELMTENST0100,Ricardo Guzman Lopez,46300.53243,46300.69563,Terminada,NA,NA,NA
Hallazgos,1,NA,39018886,Mantenimiento Menor,TIJUANA PLAYAS D,PLAYA HERMOSA,JELTM ASESORES FISCALES SA DE CV 3,JELMTENST0102,Gabriel Ivan Gomez Contreras,46300.68,46300.81528,Terminada,NA,NA,NA
Hallazgos,1,NA,39008139,Mantenimiento Menor,TIJUANA PLAYAS D,PLAYA HERMOSA_6_A,JELTM ASESORES FISCALES SA DE CV 3,JELMTENST0100,Ricardo Guzman Lopez,46300.47631,46300.57032,Terminada,NA,NA,NA
Hallazgos,1,NA,39017316,Mantenimiento Menor,TIJUANA PLAYAS D,PLAYAS TIJUANA,CRCE 3,CRCMTTIJT0106,Jose Jesus Laguna Rodriguez,46300.64885,46300.72388,Terminada,NA,NA,NA
Hallazgos,1,NA,39010465,Mantenimiento Menor,TIJUANA PLAYAS D,PLAYAS TIJUANA,CRCE 3,CRCMTTIJT0106,Jose Jesus Laguna Rodriguez,46300.51745,46300.59898,Terminada,NA,NA,NA
Hallazgos,1,NA,39011544,Mantenimiento Mayor,TIJUANA PLAYAS D,SALVATIERRA,ECO TELECOM 3,ECOMTTIJT1013,Ramon Crisologo Soto Nunez,46300.53862,46300.74993,Terminada,NA,NA,NA
Hallazgos,1,NA,39011270,Mantenimiento Mayor,TIJUANA PLAYAS D,SALVATIERRA,ECO TELECOM 3,ECOMTTIJT1025,Kevin Andres Luna Lopez,46300.53384,46300.7684,Terminada,NA,NA,NA
Hallazgos,1,NA,39011316,Mantenimiento Mayor,TIJUANA PLAYAS D,SALVATIERRA,ECO TELECOM 3,ECOMTTIJT1026,Ismael Asiain Guzman,46300.53457,46300.75152,Terminada,NA,NA,NA
Hallazgos,1,NA,39017762,Mantenimiento Menor,TIJUANA PLAYAS D,VALLE VERDE,JELTM ASESORES FISCALES SA DE CV 3,JELMTENST0100,Ricardo Guzman Lopez,46300.65862,46300.80685,Terminada,NA,NA,NA
Hallazgos,1,NA,39019390,Mantenimiento Menor,TIJUANA PLAYAS D,ZAPATA,JELTM ASESORES FISCALES SA DE CV 3,JELMTTIJT0102,Jaime Solis Macias,46300.68939,46300.79256,Terminada,NA,NA,NA
Hallazgos,1,NA,39017014,Mantenimiento Menor,TIJUANA PLAYAS D,ZAPATA,JELTM ASESORES FISCALES SA DE CV 3,JELMTTIJT0102,Jaime Solis Macias,46300.64331,46300.72428,Terminada,NA,NA,NA
Hallazgos,1,NA,39009978,Mantenimiento Menor,TIJUANA PLAYAS D,ZAPATA,JELTM ASESORES FISCALES SA DE CV 3,JELMTTIJT0104,Elihu Morales Lopez,46300.50902,46300.64962,Terminada,NA,NA,NA
Hallazgos,1,NA,39016791,Mantenimiento Menor,TIJUANA PLAYAS D,ZAPATA,JELTM ASESORES FISCALES SA DE CV 3,JELMTTIJT0105,Francisco Guadalupe Durazo Galindo,46300.63986,46300.69311,Terminada,NA,NA,NA
Hallazgos,1,NA,39018281,Mantenimiento Menor,TIJUANA PLAYAS D,ZAPATA,JELTM ASESORES FISCALES SA DE CV 3,JELMTTIJT0104,Elihu Morales Lopez,46300.66912,46300.74013,Terminada,NA,NA,NA
Hallazgos,1,NA,39016818,Mantenimiento Menor,TIJUANA PLAYAS D,ZAPATA,JELTM ASESORES FISCALES SA DE CV 3,JELMTTIJT0105,Francisco Guadalupe Durazo Galindo,46300.64046,46300.78406,Terminada,NA,NA,NA
Hallazgos,1,NA,39007698,Mantenimiento Menor,TIJUANA PLAYAS D,ZAPATA,JELTM ASESORES FISCALES SA DE CV 3,JELMTTIJT0105,Francisco Guadalupe Durazo Galindo,46300.46841,46300.60906,Terminada,NA,NA,NA
Hallazgos,1,NA,39016947,Mantenimiento Menor,TIJUANA PLAYAS D,ZAPATA,JELTM ASESORES FISCALES SA DE CV 3,JELMTTIJT0104,Elihu Morales Lopez,46300.64242,46300.69793,Terminada,NA,NA,NA
Hallazgos,1,NA,39008869,Mantenimiento Menor,TIJUANA PLAYAS D,ZAPATA,JELTM ASESORES FISCALES SA DE CV 3,JELMTTIJT0102,Jaime Solis Macias,46300.48983,46300.56837,Terminada,NA,NA,NA
Hallazgos,1,NA,39005504,Mantenimiento Menor,TIJUANA PLAYAS D,PLAYAS TIJUANA,CRCE 3,CRCMTTIJT0104,Miguel Angel Jimenez Leal,46300.42979,46300.59488,Terminada,NA,NA,NA
Hallazgos,1,NA,39017246,Mantenimiento Menor,TIJUANA PLAYAS D,PLAYAS TIJUANA,CRCE 3,CRCMTTIJT0104,Miguel Angel Jimenez Leal,46300.64729,46300.70466,Terminada,NA,NA,NA
Hallazgos,1,NA,39019551,Mantenimiento Menor,TIJUANA PLAYAS D,PLAYAS TIJUANA,CRCE 3,CRCMTTIJT0104,Miguel Angel Jimenez Leal,46300.69271,46300.78175,Terminada,NA,NA,NA
Hallazgos,1,NA,39018553,Mantenimiento Menor,TIJUANA PLAYAS D,PLAYAS TIJUANA,CRCE 3,CRCMTTIJT0104,Miguel Angel Jimenez Leal,46300.67345,46300.73176,Terminada,NA,NA,NA
143849300,NA,OS-66483081,39001242,Instalaci√≥n,TIJUANA PLAYAS D,ALTAMIRA,CRCE 3,CRCE3TIJT4083,Carlos Alberto Acosta Martinez,46300.33609,46300.60441,Terminada,NA,NA,NA
143850188,NA,OS-66486520,39005480,Instalaci√≥n,TIJUANA PLAYAS D,ZAPATA,JELTM ASESORES FISCALES SA DE CV 3,JELE3TIJT0130,Miguel Gustavo Dagnino Romo,46300.42938,46300.80119,Terminada,NA,NA,NA
143856329,NA,OS-66515938,39033347,Instalaci√≥n,TIJUANA PLAYAS D,REFUGIO,JELTM ASESORES FISCALES SA DE CV 3,JELE3TIJT0124,Luis Alberto Torres Santibanez,46301.35999,46301.49451,Terminada,NA,NA,NA
143849894,NA,OS-66485758,39004582,Instalaci√≥n,TIJUANA PLAYAS D,AMPLIACION ROSAMAR 2,JELTM ASESORES FISCALES SA DE CV 3,JELE3TIJT0105,Juan Manuel Aguilar Ramos,46300.41294,46300.67931,Terminada,NA,NA,NA
143835766,NA,OS-66400497,38930560,Instalaci√≥n,TIJUANA PLAYAS D,ALTAMIRA,CRCE 3,CRCE3TIJT4083,Carlos Alberto Acosta Martinez,46297.51286,46300.93377,Terminada,NA,NA,NA
143850321,NA,OS-66486851,39005891,Instalaci√≥n,TIJUANA PLAYAS D,PLAYAS TIJUANA,CRCE 3,CRCE3TIJT1149,Guillermo Martinez Espinoza,46300.43725,46300.81743,Terminada,NA,NA,NA
143842776,NA,OS-66437204,38965797,Instalaci√≥n,TIJUANA PLAYAS D,PLAYAS TIJUANA,CRCE 3,CRCE3TIJT1149,Guillermo Martinez Espinoza,46298.66573,46300.56964,Terminada,NA,NA,NA
143854449,NA,OS-66497933,39019823,Instalaci√≥n,TIJUANA PLAYAS D,ALTAMIRA,CRCE 3,CRCE3TIJT2035,Oscar Rafael Mendoza Santiago,46300.69839,46300.85029,Terminada,NA,NA,NA
143848051,NA,OS-66468496,38990500,Instalaci√≥n,TIJUANA PLAYAS D,ALTAMIRA,CRCE 3,CRCE3TIJT2035,Oscar Rafael Mendoza Santiago,46299.68623,46300.6506,Terminada,NA,NA,NA
143849568,NA,OS-66485566,39004349,Instalaci√≥n,TIJUANA PLAYAS D,ALTAMIRA,JELTM ASESORES FISCALES SA DE CV 3,JELE3TIJT0181,Luis Angel Aparicio Lozano,46300.4086,46300.58927,Terminada,NA,NA,NA
143851876,NA,OS-66490946,39011075,Instalaci√≥n,TIJUANA PLAYAS D,ALTAMIRA,JELTM ASESORES FISCALES SA DE CV 3,JELE3TIJT0181,Luis Angel Aparicio Lozano,46300.53,46300.64073,Terminada,NA,NA,NA
143848653,NA,OS-66471051,38993261,Instalaci√≥n,TIJUANA PLAYAS D,PLAYAS TIJUANA,JELTM ASESORES FISCALES SA DE CV 3,JELE3TIJT0181,Luis Angel Aparicio Lozano,46299.85223,46300.758,Terminada,NA,NA,NA
143852834,NA,OS-66493180,39013916,Instalaci√≥n,TIJUANA PLAYAS D,SANTA FE TIJUANA,JELTM ASESORES FISCALES SA DE CV 3,JELE3TIJT0112,Jesus Manuel Moroyoqui Velazquez,46300.58428,46301.49674,Terminada,NA,NA,NA
143851830,NA,OS-66490780,39010861,Instalaci√≥n,TIJUANA PLAYAS D,PLAYAS TIJUANA,CRCE 3,CRCE3TIJT1211,Leonel Rosales Mejia,46300.52512,46300.73111,Terminada,NA,NA,NA
143848669,NA,OS-66470772,38992982,Instalaci√≥n,TIJUANA PLAYAS D,ALTAMIRA,JELTM ASESORES FISCALES SA DE CV 3,JELE3TIJT0182,Alexis Alberto Trejo Sainez,46299.82653,46300.90938,Terminada,NA,NA,NA
143849974,NA,OS-66488103,39007587,Instalaci√≥n,TIJUANA PLAYAS D,FUNDADORES,JELTM ASESORES FISCALES SA DE CV 3,JELE3TIJT0182,Alexis Alberto Trejo Sainez,46300.46684,46300.70354,Terminada,NA,NA,NA
143850090,NA,OS-66486683,39005678,Instalaci√≥n,TIJUANA PLAYAS D,SANTA FE TIJUANA_A,JELTM ASESORES FISCALES SA DE CV 3,JELE3TIJT0168,Adalberto Rocha Ceja,46300.43309,46300.60106,Terminada,NA,NA,NA
143852133,NA,OS-66493529,39014345,Instalaci√≥n,TIJUANA PLAYAS D,ALTAMIRA,CRCE 3,CRCE3TIJT1179,Miguel Angel Hernandez Cruz,46300.59319,46300.84962,Terminada,NA,NA,NA
143851484,NA,OS-66490121,39010048,Instalaci√≥n,TIJUANA PLAYAS D,ALTAMIRA,CRCE 3,CRCE3TIJT1183,Jose Gustavo Morales Duron,46300.5102,46300.77936,Terminada,NA,NA,NA
143849723,NA,OS-66484552,39003141,Instalaci√≥n,TIJUANA PLAYAS D,FUNDADORES,CRCE 3,CRCE3TIJT1183,Jose Gustavo Morales Duron,46300.38266,46300.51382,Terminada,NA,NA,NA
143849007,NA,OS-66483796,39002215,Instalaci√≥n,TIJUANA PLAYAS D,SANTA FE TIJUANA,JELTM ASESORES FISCALES SA DE CV 3,JELE3TIJT0147,Eimar Orlando Beltran Ceja,46300.36056,46300.48221,Terminada,NA,NA,NA
143849380,NA,OS-66488993,39008682,Instalaci√≥n,TIJUANA PLAYAS D,ZAPATA,JELTM ASESORES FISCALES SA DE CV 3,JELE3TIJT0169,Salatiel Alexandro De La O Ricardo,46300.48616,46300.73375,Terminada,NA,NA,NA
143847024,NA,OS-66461884,38986358,Instalaci√≥n,TIJUANA PLAYAS D,ZAPATA,JELTM ASESORES FISCALES SA DE CV 3,JELE3TIJT0120,Jose Alfredo Pegueros Magana,46299.56529,46300.69016,Terminada,NA,NA,NA
143852396,NA,OS-66492789,39013433,Instalaci√≥n,TIJUANA PLAYAS D,ALTAMIRA,CRCE 3,CRCE3TIJT1184,Manuel De Jesus Molina Garcia,46300.57362,46300.79242,Terminada,NA,NA,NA
143848600,NA,OS-66470498,38992699,Instalaci√≥n,TIJUANA PLAYAS D,AMPLIACION ROSAMAR 2,JELTM ASESORES FISCALES SA DE CV 3,JELE3TIJT0105,Juan Manuel Aguilar Ramos,46299.8039,46300.51324,Terminada,NA,NA,NA
143852916,NA,OS-66493361,39014128,Instalaci√≥n,TIJUANA PLAYAS D,ROSAMAR,JELTM ASESORES FISCALES SA DE CV 3,JELE3TIJT0105,Juan Manuel Aguilar Ramos,46300.58895,46300.75703,Terminada,NA,NA,NA
143850091,NA,OS-66487123,39006384,Instalaci√≥n,TIJUANA PLAYAS D,NATURA,JELTM ASESORES FISCALES SA DE CV 3,JELE3TIJT0151,Gabriel Sebastian Dominguez Rodriguez,46300.44669,46300.53022,Terminada,NA,NA,NA
143851709,NA,OS-66493147,39013868,Instalaci√≥n,TIJUANA PLAYAS D,ZAPATA,JELTM ASESORES FISCALES SA DE CV 3,JELE3TIJT0127,Francisco Antonio Arvizu Samaniego,46300.58328,46300.83488,Terminada,NA,NA,NA
143849173,NA,OS-66483009,39001158,Instalaci√≥n,TIJUANA PLAYAS D,NATURA,JELTM ASESORES FISCALES SA DE CV 3,JELE3TIJT0174,Juan Manuel Espinosa Avila,46300.33289,46301.48633,Terminada,NA,NA,NA
143853813,NA,OS-66496207,39017738,Instalaci√≥n,TIJUANA PLAYAS D,FUNDADORES,CRCE 3,CRCE3TIJT1158,Isaac Cuauhtemoc Castro Valle,46300.65814,46300.77671,Terminada,NA,NA,NA
143848265,NA,OS-66468941,38991033,Instalaci√≥n,TIJUANA PLAYAS D,SALVATIERRA,CRCE 3,CRCE3TIJT1158,Isaac Cuauhtemoc Castro Valle,46299.70777,46300.47773,Terminada,NA,NA,NA
143851149,NA,OS-66488926,39008609,Instalaci√≥n,TIJUANA PLAYAS D,AMPLIACION ROSAMAR 4,JELTM ASESORES FISCALES SA DE CV 3,JELE3TIJT0150,Leonardo Foglia Castillo,46300.4847,46300.78079,Terminada,NA,NA,NA
143842455,NA,OS-66434545,38962637,Instalaci√≥n,TIJUANA PLAYAS D,SALVATIERRA,CRCE 3,CRCE3TIJT1194,Ulises Vega Sanchez,46298.58725,46300.68307,Terminada,NA,NA,NA
143848584,NA,OS-66486215,39005094,Instalaci√≥n,TIJUANA PLAYAS D,NATURA,JELTM ASESORES FISCALES SA DE CV 3,JELE3TIJT0116,Jose Luis Garcia Martinez,46300.42259,46300.65269,Terminada,NA,NA,NA
143849219,NA,OS-66482847,39000943,Instalaci√≥n,TIJUANA PLAYAS D,NATURA,JELTM ASESORES FISCALES SA DE CV 3,JELE3TIJT0140,Eddie Alejandro Freer Dominguez,46300.32418,46300.49924,Terminada,NA,NA,NA
143846367,NA,OS-66462996,38987662,Instalaci√≥n,TIJUANA PLAYAS D,ZAPATA,JELTM ASESORES FISCALES SA DE CV 3,JELE3TIJT0124,Luis Alberto Torres Santibanez,46299.60723,46300.64084,Terminada,NA,NA,NA
143848765,NA,OS-66471040,38993251,Instalaci√≥n,TIJUANA PLAYAS D,AMPLIACION ZAPATA 1,JELTM ASESORES FISCALES SA DE CV 3,JELE3TIJT0162,Christopher Martinez Salgado,46299.85139,46300.51267,Terminada,NA,NA,NA
143852523,NA,OS-66492766,39013402,Instalaci√≥n,TIJUANA PLAYAS D,NATURA,JELTM ASESORES FISCALES SA DE CV 3,JELE3TIJT0162,Christopher Martinez Salgado,46300.57304,46300.83884,Terminada,NA,NA,NA
143850832,NA,OS-66490807,39010895,Instalaci√≥n,TIJUANA PLAYAS D,NATURA,JELTM ASESORES FISCALES SA DE CV 3,JELE3TIJT0119,Jose Abraham Galicia Molina,46300.52595,46300.75436,Terminada,NA,NA,NA
143853515,NA,OS-66495042,39016226,Instalaci√≥n,TIJUANA PLAYAS D,SALVATIERRA,ADDNOVATI 3,ADDM3NTET0109,Enrique Alfredo Flores Cisneros,46300.62951,46300.90778,Terminada,NA,NA,NA
143849724,NA,OS-66486358,39005261,Instalaci√≥n,TIJUANA PLAYAS D,FUNDADORES,CRCE 3,CRCE3TIJT1199,Agustin Reyes Rendon,46300.42542,46300.59038,Terminada,NA,NA,NA
143846469,NA,OS-66460426,38984629,Instalaci√≥n,TIJUANA PLAYAS D,FUNDADORES,CRCE 3,CRCE3TIJT4078,Erik Leyva Escobedo,46299.51466,46300.81049,Terminada,NA,NA,NA
143855892,NA,OS-66514689,39031675,Instalaci√≥n,TIJUANA PLAYAS D,ZAPATA,JELTM ASESORES FISCALES SA DE CV 3,JELE3TIJT0129,Juan Carlos Estrada Sanchez,46301.2963,46301.49786,Terminada,NA,NA,NA
143852887,NA,OS-66493829,39014706,Instalaci√≥n,TIJUANA PLAYAS D,NATURA,JELTM ASESORES FISCALES SA DE CV 3,JELE3TIJT0107,Juan Martin Del Real Andrade,46300.60017,46300.80836,Terminada,NA,NA,NA
143852657,NA,OS-66493838,39014716,Instalaci√≥n,TIJUANA PLAYAS D,NATURA,JELTM ASESORES FISCALES SA DE CV 3,JELE3TIJT0107,Juan Martin Del Real Andrade,46300.6003,46300.72598,Terminada,NA,NA,NA
143852520,NA,OS-66492709,39013324,Instalaci√≥n,TIJUANA PLAYAS D,NATURA,JELTM ASESORES FISCALES SA DE CV 3,JELE3TIJT0108,Luis Fernando Reyes Tamayo,46300.57181,46300.75519,Terminada,NA,NA,NA
143850235,NA,OS-66488324,39007860,Instalaci√≥n,TIJUANA PLAYAS D,NATURA,JELTM ASESORES FISCALES SA DE CV 3,JELE3TIJT0108,Luis Fernando Reyes Tamayo,46300.47141,46300.6522,Terminada,NA,NA,NA
143848580,NA,OS-66470192,38992385,Instalaci√≥n,TIJUANA PLAYAS D,NATURA,JELTM ASESORES FISCALES SA DE CV 3,JELE3TIJT0108,Luis Fernando Reyes Tamayo,46299.77947,46300.53677,Terminada,NA,NA,NA
143836779,NA,OS-66408074,38940509,Instalaci√≥n,TIJUANA PLAYAS D,NATURA,JELTM ASESORES FISCALES SA DE CV 3,JELE3TIJT0108,Luis Fernando Reyes Tamayo,46297.72598,46300.474,Terminada,NA,NA,NA
143853403,NA,OS-66495599,39016970,Instalaci√≥n,TIJUANA PLAYAS D,ZAPATA,JELTM ASESORES FISCALES SA DE CV 3,JELE3TIJT0138,Giovanni Alejandro Sandoval Mireles,46300.64277,46300.78008,Terminada,NA,NA,NA
143850786,NA,OS-66487844,39007247,Instalaci√≥n,TIJUANA PLAYAS D,ZAPATA,JELTM ASESORES FISCALES SA DE CV 3,JELE3TIJT0138,Giovanni Alejandro Sandoval Mireles,46300.46082,46300.69412,Terminada,NA,NA,NA
143849372,NA,OS-66483532,39001899,Instalaci√≥n,TIJUANA PLAYAS D,ZAPATA,JELTM ASESORES FISCALES SA DE CV 3,JELE3TIJT0138,Giovanni Alejandro Sandoval Mireles,46300.35337,46300.49664,Terminada,NA,NA,NA
143849940,NA,OS-66485283,39004014,Instalaci√≥n,TIJUANA PLAYAS D,PLAYAS TIJUANA,CRCE 3,CRCE3TIJT1178,Marcos Iran Morales Espinoza,46300.40216,46300.58961,Terminada,NA,NA,NA
143852511,NA,OS-66493884,39014780,Instalaci√≥n,TIJUANA PLAYAS D,ZAPATA,JELTM ASESORES FISCALES SA DE CV 3,JELE3TIJT0120,Jose Alfredo Pegueros Magana,46300.60166,46300.75825,Terminada,NA,NA,NA
143855128,NA,OS-66500544,39022807,Instalaci√≥n,TIJUANA PLAYAS D,ZAPATA,JELTM ASESORES FISCALES SA DE CV 3,JELE3TIJT0102,Cornelio Zamora Hernandez,46300.77759,46301.46806,Terminada,NA,NA,NA
143851153,NA,OS-66489040,39008733,Instalaci√≥n,TIJUANA PLAYAS D,FUNDADORES,JELTM ASESORES FISCALES SA DE CV 3,JELE3TIJT0150,Leonardo Foglia Castillo,46300.48705,46300.61161,Terminada,NA,NA,NA
143850969,NA,OS-66488669,39008291,Instalaci√≥n,TIJUANA PLAYAS D,NATURA,JELTM ASESORES FISCALES SA DE CV 3,JELE3TIJT0162,Christopher Martinez Salgado,46300.47889,46300.74438,Terminada,NA,NA,NA
143837520,NA,OS-66405736,38937451,Instalaci√≥n,TIJUANA PLAYAS D,AMPLIACION ROSAMAR 1,JELTM ASESORES FISCALES SA DE CV 3,JELE3TIJT0150,Leonardo Foglia Castillo,46297.65856,46300.68432,Terminada,NA,NA,NA
143845339,NA,OS-66457634,38981331,Instalaci√≥n,TIJUANA PLAYAS D,NATURA,JELTM ASESORES FISCALES SA DE CV 3,JELE3TIJT0174,Juan Manuel Espinosa Avila,46299.42258,46300.59291,Terminada,NA,NA,NA
200915449,1,NA,38905469,Hallazgo Empresarial,TIJUANA PLAYAS D,REFUGIO,JELTM ASESORES FISCALES SA DE CV 3,JELE3TIJT0102,Cornelio Zamora Hernandez,46296.59477,46300.52081,Terminada,NA,NA,NA
103015123,446389271,OS-66400737,38930917,Cambio De Plan,TIJUANA PLAYAS D,AMPLIACION FUNDADORES,CRCE 3,CRCE3TIJT4078,Erik Leyva Escobedo,46297.51924,46300.73148,Terminada,NA,NA,NA
102691858,446764189,OS-66439687,38968608,Recolecci√≥n Pi,TIJUANA PLAYAS D,PLAYAS TIJUANA,CRCE 3,CRCR3TIJT1002,Rodrigo Castillo Perez,46298.76895,46300.56867,Terminada,NA,NA,NA
125594729,447111454,OS-66493647,39014489,Cambio De Domicilio,TIJUANA PLAYAS D,ALTAMIRA,JELTM ASESORES FISCALES SA DE CV 3,JELE3TIJT0182,Alexis Alberto Trejo Sainez,46300.59568,46300.79969,Terminada,NA,NA,NA
121255515,447001145,OS-66484694,39003315,Cambio De Domicilio,TIJUANA PLAYAS D,ALTAMIRA,CRCE 3,CRCE3TIJT1184,Manuel De Jesus Molina Garcia,46300.38683,46300.65427,Terminada,NA,NA,NA
143605124,446996974,OS-66484382,39002941,Cambio De Domicilio,TIJUANA PLAYAS D,ALTAMIRA,CRCE 3,CRCE3TIJT4083,Carlos Alberto Acosta Martinez,46300.37765,46300.80872,Terminada,NA,NA,NA
103015123,446389437,OS-66401544,38932049,Cambio De Domicilio,TIJUANA PLAYAS D,AMPLIACION FUNDADORES,CRCE 3,CRCE3TIJT4078,Erik Leyva Escobedo,46297.54093,46300.66237,Terminada,NA,NA,NA
140174920,445874213,OS-66341935,38879011,Recolecci√≥n Pi,TIJUANA PLAYAS D,AMPLIACION ROSAMAR 4,JELTM ASESORES FISCALES SA DE CV 3,JELR3TIJT0101,Iron Gomez Ocampo,46295.66292,46300.45324,Terminada,NA,NA,NA
134882663,446782048,OS-66441083,38970022,Recolecci√≥n Pi,TIJUANA PLAYAS D,AMPLIACION ZAPATA 1,JELTM ASESORES FISCALES SA DE CV 3,JELR3TIJT0101,Iron Gomez Ocampo,46298.87832,46300.58047,Terminada,NA,NA,NA
140390663,446916779,OS-66467537,38989344,Cambio De Domicilio,TIJUANA PLAYAS D,FUNDADORES,ADDNOVATI 3,ADDM3NTET0109,Enrique Alfredo Flores Cisneros,46299.64609,46300.75946,Terminada,NA,NA,NA
108558715,446920584,OS-66467847,38989732,Cambio De Domicilio,TIJUANA PLAYAS D,FUNDADORES,CRCE 3,CRCE3TIJT1194,Ulises Vega Sanchez,46299.65914,46300.7912,Terminada,NA,NA,NA
102714447,446918831,OS-66467718,38989575,Cambio De Domicilio,TIJUANA PLAYAS D,FUNDADORES,CRCE 3,CRCE3TIJT1211,Leonel Rosales Mejia,46299.65449,46300.84765,Terminada,NA,NA,NA
101816566,446786012,OS-66441652,38970604,Cambio De Domicilio,TIJUANA PLAYAS D,FUNDADORES,CRCE 3,CRCE3TIJT1158,Isaac Cuauhtemoc Castro Valle,46298.99188,46300.64358,Terminada,NA,NA,NA
142876993,447108274,OS-66493376,39014148,Cambio De Domicilio,TIJUANA PLAYAS D,NATURA,JELTM ASESORES FISCALES SA DE CV 3,JELE3TIJT0140,Eddie Alejandro Freer Dominguez,46300.58922,46300.80015,Terminada,NA,NA,NA
112859224,446677977,OS-66432216,38959788,Recolecci√≥n Pi,TIJUANA PLAYAS D,NATURA,JELTM ASESORES FISCALES SA DE CV 3,JELR3TIJT0101,Iron Gomez Ocampo,46298.52259,46300.63545,Terminada,NA,NA,NA
142988088,446540140,OS-66409192,38941787,Cambio De Domicilio,TIJUANA PLAYAS D,NATURA,JELTM ASESORES FISCALES SA DE CV 3,JELE3TIJT0174,Juan Manuel Espinosa Avila,46297.76417,46300.74763,Terminada,NA,NA,NA
104739461,446883406,OS-66461590,38985993,Cambio De Domicilio,TIJUANA PLAYAS D,PLAYAS TIJUANA,CRCE 3,CRCE3TIJT1178,Marcos Iran Morales Espinoza,46299.5533,46300.70541,Terminada,NA,NA,NA
105962562,446971280,OS-66482454,39000484,Cambio De Domicilio,TIJUANA PLAYAS D,PLAYAS TIJUANA,JELTM ASESORES FISCALES SA DE CV 3,JELE3TIJT0181,Luis Angel Aparicio Lozano,46300.30185,46300.82868,Terminada,NA,NA,NA
140684388,446721861,OS-66435921,38964251,Recolecci√≥n Pi,TIJUANA PLAYAS D,PLAYAS TIJUANA,CRCE 3,CRCR3TIJT1002,Rodrigo Castillo Perez,46298.62508,46300.71414,Terminada,NA,NA,NA
142478007,446521858,OS-66407513,38939795,Cambio De Domicilio,TIJUANA PLAYAS D,PLAYAS TIJUANA,CRCE 3,CRCE3TIJT1180,Arturo Alfonso Dolores Hernandez,46297.70897,46300.66101,Terminada,NA,NA,NA
107241379,447113222,OS-66493809,39014684,Addons,TIJUANA PLAYAS D,PLAYAS TIJUANA,CRCE 3,CRCE3TIJT4077,Felipe Aguilar Quezada,46300.59977,46300.81461,Terminada,NA,NA,NA
103709442,446948749,OS-66470234,38992435,Cambio De Plan,TIJUANA PLAYAS D,REFUGIO,JELTM ASESORES FISCALES SA DE CV 3,JELR3TIJT0101,Iron Gomez Ocampo,46299.78347,46300.75751,Terminada,NA,NA,NA
140085899,446259413,OS-66375262,38909881,Cambio De Equipo,TIJUANA PLAYAS D,REFUGIO,ADDNOVATI 3,ADDM3NTET0109,Enrique Alfredo Flores Cisneros,46296.70112,46300.5017,Terminada,NA,NA,NA
142606942,447052471,OS-66488810,39008460,Cambio De Domicilio,TIJUANA PLAYAS D,ROSAMAR,JELTM ASESORES FISCALES SA DE CV 3,JELE3TIJT0109,Julio Cesar Gamboa Zavala,46300.48188,46300.6901,Terminada,NA,NA,NA
141227190,446771218,OS-66440223,38969149,Cambio De Domicilio,TIJUANA PLAYAS D,ROSAMAR,JELTM ASESORES FISCALES SA DE CV 3,JELE3TIJT0105,Juan Manuel Aguilar Ramos,46298.80238,46300.59164,Terminada,NA,NA,NA
140711709,447165284,OS-66498729,39020784,Addons,TIJUANA PLAYAS D,ROSAMAR,JELTM ASESORES FISCALES SA DE CV 3,JELE3TIJT0147,Eimar Orlando Beltran Ceja,46300.72021,46301.48432,Terminada,NA,NA,NA
102435893,446453968,OS-66402631,38933472,Cambio De Equipo,TIJUANA PLAYAS D,SALVATIERRA,CRCE 3,CRCE3TIJT1194,Ulises Vega Sanchez,46297.5692,46300.55344,Terminada,NA,NA,NA
140210242,446728515,OS-66436545,38964979,Addon Wifi Extender,TIJUANA PLAYAS D,SALVATIERRA,ADDNOVATI 3,ADDM3NTET0125,Jose Guadalupe Carranza Diaz,46298.64464,46300.54397,Terminada,NA,NA,NA
102544846,446453742,OS-66402610,38933446,Cambio De Equipo,TIJUANA PLAYAS D,SALVATIERRA,CRCE 3,CRCE3TIJT4076,Jonatan Gabriel Lopez Contreras,46297.56875,46300.62435,Terminada,NA,NA,NA
103015123,446453088,OS-66402358,38933126,Cambio De Equipo,TIJUANA PLAYAS D,SALVATIERRA,CRCE 3,CRCE3TIJT4078,Erik Leyva Escobedo,46297.56163,46300.69718,Terminada,NA,NA,NA
115665516,446689685,OS-66433127,38960903,Recolecci√≥n Pi,TIJUANA PLAYAS D,SALVATIERRA,CRCE 3,CRCR3TIJT1002,Rodrigo Castillo Perez,46298.54523,46300.44328,Terminada,NA,NA,NA
143831515,446740957,OS-66437598,38966259,Addons,TIJUANA PLAYAS D,SALVATIERRA,CRCE 3,CRCE3TIJT1183,Jose Gustavo Morales Duron,46298.67962,46300.58169,Terminada,NA,NA,NA
112186794,447053514,OS-66488968,39008660,Recolecci√≥n Pi,TIJUANA PLAYAS D,SALVATIERRA,CRCE 3,CRCR3TIJT1002,Rodrigo Castillo Perez,46300.48564,46301.47227,Terminada,NA,NA,NA
143013959,446967711,OS-66482203,39000200,Cambio De Domicilio,TIJUANA PLAYAS D,SALVATIERRA,CRCE 3,CRCE3TIJT1199,Agustin Reyes Rendon,46300.27516,46300.9012,Terminada,NA,NA,NA
143313304,446378959,OS-66397201,38926446,Cambio De Equipo,TIJUANA PLAYAS D,SALVATIERRA,CRCE 3,CRCE3TIJT1194,Ulises Vega Sanchez,46297.42852,46300.49108,Terminada,NA,NA,NA
116362380,446906639,OS-66465184,38988314,Cambio De Domicilio,TIJUANA PLAYAS D,ZAPATA,JELTM ASESORES FISCALES SA DE CV 3,JELE3TIJT0169,Salatiel Alexandro De La O Ricardo,46299.61098,46300.54836,Terminada,NA,NA,NA
141819166,446827500,OS-66457515,38981159,Cambio De Domicilio,TIJUANA PLAYAS D,ZAPATA,JELTM ASESORES FISCALES SA DE CV 3,JELE3TIJT0124,Luis Alberto Torres Santibanez,46299.41735,46300.58291,Terminada,NA,NA,NA
106390071,446852874,OS-66459493,38983540,Cambio De Domicilio,TIJUANA PLAYAS D,ZAPATA,JELTM ASESORES FISCALES SA DE CV 3,JELE3TIJT0120,Jose Alfredo Pegueros Magana,46299.48388,46300.48574,Terminada,NA,NA,NA
106223908,446551053,OS-66410387,38943053,Cambio De Equipo,TIJUANA PLAYAS D,ZAPATA,JELTM ASESORES FISCALES SA DE CV 3,JELE3TIJT0130,Miguel Gustavo Dagnino Romo,46297.81877,46300.57211,Terminada,NA,NA,NA
104651566,447152785,OS-66515770,39033118,Recolecci√≥n Pi,TIJUANA PLAYAS D,ZAPATA,JELTM ASESORES FISCALES SA DE CV 3,JELR3TIJT0101,Iron Gomez Ocampo,46301.35378,46301.45006,Terminada,NA,NA,NA
Hallazgos,1,NA,39013940,Mantenimiento Menor,TIJUANA PLAYAS D,NATURA,JELTM ASESORES FISCALES SA DE CV 3,JELE3TIJT0140,Eddie Alejandro Freer Dominguez,46300.58477,46300.71935,Terminada,NA,NA,NA
Hallazgos,1,NA,39012078,Mantenimiento Mayor,TIJUANA PLAYAS D,PLAYAS TIJUANA,CRCE 3,CRCMTTIJT0100,Jose Efrain Alatorre Gonzalez,46300.54834,46300.67756,Terminada,NA,NA,NA
Hallazgos,1,NA,39003295,Mantenimiento Mayor,TIJUANA PLAYAS D,PLAYAS TIJUANA,CRCE 3,CRCMTTIJT0100,Jose Efrain Alatorre Gonzalez,46300.38631,46300.56957,Terminada,NA,NA,NA
Hallazgos,1,NA,39004773,Mantenimiento Menor,TIJUANA PLAYAS D,SALVATIERRA,CRCE 3,CRCE3TIJT4079,Francisco Elias Dominguez Martinez,46300.41667,46300.5376,Terminada,NA,NA,NA
Hallazgos,1,NA,39013397,Mantenimiento Menor,TIJUANA PLAYAS D,ZAPATA,JELTM ASESORES FISCALES SA DE CV 3,JELMTTIJT0106,Julio Cesar Rodriguez Rodriguez,46300.57295,46300.67291,Terminada,NA,NA,NA
Hallazgos,1,NA,39003497,Mantenimiento Menor,TIJUANA PLAYAS D,ZAPATA,JELTM ASESORES FISCALES SA DE CV 3,JELMTTIJT0106,Julio Cesar Rodriguez Rodriguez,46300.3911,46300.50186,Terminada,NA,NA,NA
Hallazgos,1,NA,39037070,Mantenimiento Menor,TIJUANA PLAYAS D,AMPLIACION ROSAMAR 3,JELTM ASESORES FISCALES SA DE CV 3,JELMTTIJT0100,Javier Landa Perez,46301.44017,46301.49019,Terminada,NA,NA,NA
Hallazgos,1,NA,39007773,Mantenimiento Menor,TIJUANA PLAYAS D,AMPLIACION ROSAMAR 3,JELTM ASESORES FISCALES SA DE CV 3,JELMTTIJT0100,Javier Landa Perez,46300.4698,46300.51469,Terminada,NA,NA,NA
Hallazgos,1,NA,39037109,Mantenimiento Menor,TIJUANA PLAYAS D,AMPLIACION ROSAMAR 3,JELTM ASESORES FISCALES SA DE CV 3,JELMTTIJT0100,Javier Landa Perez,46301.44117,46301.48877,Terminada,NA,NA,NA
Hallazgos,1,NA,39010891,Mantenimiento Menor,TIJUANA PLAYAS D,AMPLIACION ROSAMAR 3,JELTM ASESORES FISCALES SA DE CV 3,JELMTTIJT0100,Javier Landa Perez,46300.52587,46300.59302,Terminada,NA,NA,NA
Hallazgos,1,NA,39017087,Mantenimiento Mayor,TIJUANA PLAYAS D,PLAYAS TIJUANA,CRCE 3,CRCMTTIJT0100,Jose Efrain Alatorre Gonzalez,46300.64444,46300.71126,Terminada,NA,NA,NA
Hallazgos,1,NA,39011155,Mantenimiento Mayor,TIJUANA PLAYAS D,PLAYAS TIJUANA,CRCE 3,CRCMTTIJT0100,Jose Efrain Alatorre Gonzalez,46300.53178,46300.58708,Terminada,NA,NA,NA
Hallazgos,1,NA,39019330,Mantenimiento Menor,TIJUANA PLAYAS D,PLAYAS TIJUANA,CRCE 3,CRCE3TIJT4079,Francisco Elias Dominguez Martinez,46300.68818,46300.7974,Terminada,NA,NA,NA
Hallazgos,1,NA,39016482,Mantenimiento Menor,TIJUANA PLAYAS D,PLAYAS TIJUANA,CRCE 3,CRCE3TIJT4079,Francisco Elias Dominguez Martinez,46300.63425,46300.72455,Terminada,NA,NA,NA
Hallazgos,1,NA,39018340,Mantenimiento Menor,TIJUANA PLAYAS D,ROSAMAR,JELTM ASESORES FISCALES SA DE CV 3,JELMTTIJT0100,Javier Landa Perez,46300.67034,46300.71749,Terminada,NA,NA,NA
Hallazgos,1,NA,39018362,Mantenimiento Menor,TIJUANA PLAYAS D,ROSAMAR,JELTM ASESORES FISCALES SA DE CV 3,JELMTTIJT0100,Javier Landa Perez,46300.67078,46300.71593,Terminada,NA,NA,NA
Hallazgos,1,NA,39009910,Mantenimiento Menor,TIJUANA PLAYAS D,SALVATIERRA,CRCE 3,CRCE3TIJT4079,Francisco Elias Dominguez Martinez,46300.50801,46300.6369,Terminada,NA,NA,NA
Hallazgos,1,NA,39007879,Mantenimiento Menor,TIJUANA PLAYAS D,ZAPATA,JELTM ASESORES FISCALES SA DE CV 3,JELMTTIJT0106,Julio Cesar Rodriguez Rodriguez,46300.47164,46300.60877,Terminada,NA,NA,NA
Hallazgos,1,NA,39016663,Mantenimiento Menor,TIJUANA PLAYAS D,ZAPATA,JELTM ASESORES FISCALES SA DE CV 3,JELMTTIJT0106,Julio Cesar Rodriguez Rodriguez,46300.63773,46300.75204,Terminada,NA,NA,NA
Hallazgos,1,NA,39034124,Mantenimiento Menor,TIJUANA PLAYAS D,ZAPATA,JELTM ASESORES FISCALES SA DE CV 3,JELMTTIJT0106,Julio Cesar Rodriguez Rodriguez,46301.3799,46301.50315,Terminada,NA,NA,NA
117956786,446983972,OS-66483497,39001862,Cambio De Domicilio,TIJUANA PLAYAS D,FUNDADORES,JELTM ASESORES FISCALES SA DE CV 3,JELE3TIJT0131,Bernar Alejandro Gonzalez Noguera,46300.35184,46300.63071,Terminada,NA,NA,NA
117956786,447105095,OS-66493199,39013939,Cambio De Equipo,TIJUANA PLAYAS D,SALVATIERRA,JELTM ASESORES FISCALES SA DE CV 3,JELE3TIJT0131,Bernar Alejandro Gonzalez Noguera,46300.58477,46300.64101,Terminada,NA,NA,NA
140310043,447115126,OS-66493985,39014901,Cambio De Domicilio,TIJUANA PLAYAS D,FUNDADORES,JELTM ASESORES FISCALES SA DE CV 3,JELE3TIJT0131,Bernar Alejandro Gonzalez Noguera,46300.60356,46300.74883,Terminada,NA,NA,NA
143849747,NA,OS-66487789,39007170,Instalaci√≥n,TIJUANA PLAYAS D,ZAPATA,JELTM ASESORES FISCALES SA DE CV 3,JELE3TIJT0110,Sergio Gonzalez Cervantes,46300.45966,46300.69597,Terminada,NA,NA,NA
103161453,446765979,OS-66439808,38968729,Addons,TIJUANA PLAYAS D,REFUGIO,JELTM ASESORES FISCALES SA DE CV 3,JELE3TIJT0110,Sergio Gonzalez Cervantes,46298.77708,46300.51916,Terminada,NA,NA,NA
200940306,1,NA,39022774,Hallazgo Empresarial,TIJUANA PLAYAS D,ROSAMAR,JELTM ASESORES FISCALES SA DE CV 3,JELE3TIJT0113,Brayan Uriel Escobar Ramirez,46300.77588,46300.83429,Terminada,NA,NA,NA
200940306,1,NA,39022757,Hallazgo Empresarial,TIJUANA PLAYAS D,ROSAMAR,JELTM ASESORES FISCALES SA DE CV 3,JELE3TIJT0113,Brayan Uriel Escobar Ramirez,46300.77534,46300.83207,Terminada,NA,NA,NA
200940306,1,NA,39022785,Hallazgo Empresarial,TIJUANA PLAYAS D,ROSAMAR,JELTM ASESORES FISCALES SA DE CV 3,JELE3TIJT0113,Brayan Uriel Escobar Ramirez,46300.77661,46300.83656,Terminada,NA,NA,NA
141401966,446904547,OS-66462924,38987578,Cambio De Domicilio,TIJUANA PLAYAS D,AMPLIACION ROSAMAR 2,JELTM ASESORES FISCALES SA DE CV 3,JELE3TIJT0101,Jose Luis Loza Zavala,46299.60453,46300.86171,Terminada,NA,NA,NA
141558848,447069738,OS-66490356,39010369,Addons,TIJUANA PLAYAS D,AMPLIACION ROSAMAR 4,JELTM ASESORES FISCALES SA DE CV 3,JELE3TIJT0101,Jose Luis Loza Zavala,46300.51539,46301.48025,Terminada,NA,NA,NA
143850312,NA,OS-66486614,39005585,Instalaci√≥n,TIJUANA PLAYAS D,ROSAMAR,JELTM ASESORES FISCALES SA DE CV 3,JELE3TIJT0111,Marco Antonio Michel Villegas Jimenez,46300.43131,46300.68962,Terminada,NA,NA,NA
140184251,447226412,OS-66515119,39032159,Cambio De Domicilio,TIJUANA PLAYAS D,ROSAMAR,JELTM ASESORES FISCALES SA DE CV 3,JELE3TIJT0111,Marco Antonio Michel Villegas Jimenez,46301.32366,46301.49784,Terminada,NA,NA,NA
140323802,446521164,OS-66407441,38939716,Addons,TIJUANA PLAYAS D,NATURA,JELTM ASESORES FISCALES SA DE CV 3,JELE3TIJT0108,Luis Fernando Reyes Tamayo,46297.70682,46300.82407,Terminada,NA,NA,NA
143852963,NA,OS-66493837,39014715,Instalaci√≥n,TIJUANA PLAYAS D,FUNDADORES,CRCE 3,CRCE3TIJT4085,Jose Luis Hernandez Becerra,46300.6003,46301.49435,Terminada,NA,NA,NA
143851292,NA,OS-66489800,39009634,Instalaci√≥n,TIJUANA PLAYAS D,SALVATIERRA,ITAI 3,ITAM3NTET0121,Jos√© Jes√∫s Figueroa Medina,46300.50307,46300.81728,Terminada,NA,NA,NA
143847259,NA,OS-66468314,38990287,Instalaci√≥n,TIJUANA PLAYAS D,ZAPATA,ITAI 3,ITAM3NTET0121,Jos√© Jes√∫s Figueroa Medina,46299.67795,46300.52725,Terminada,NA,NA,NA
143834275,NA,OS-66397688,38989388,Instalaci√≥n,TIJUANA PLAYAS D,AMPLIACION VALLE VERDE 2,ADDNOVATI 3,ADDE3ENST0108,Agustin Perez Cerino,46299.64774,46300.6433,Terminada,NA,NA,NA
143852222,NA,OS-66491969,39012391,Instalaci√≥n,TIJUANA PLAYAS D,AMPLIACION VALLE VERDE 5,ADDNOVATI 3,ADDE3ENST0108,Agustin Perez Cerino,46300.55368,46300.79363,Terminada,NA,NA,NA
143851503,NA,OS-66490027,39009934,Instalaci√≥n,TIJUANA PLAYAS D,ZAPATA,JELTM ASESORES FISCALES SA DE CV 3,JELE3TIJT0191,Martin Rogelio Nu√±ez Hernandez,46300.50846,46300.71949,Terminada,NA,NA,NA
143846567,NA,OS-66460979,38985257,Instalaci√≥n,TIJUANA PLAYAS D,SALVATIERRA,CRCE 3,CRCE3TIJT4089,Cristian Andres Cabral Roman,46299.53209,46300.53755,Terminada,NA,NA,NA
143851047,NA,OS-66488799,39008452,Instalaci√≥n,TIJUANA PLAYAS D,SANTA FE TIJUANA_2_A,JELTM ASESORES FISCALES SA DE CV 3,JELM3NTET0106,Alan Gerardo Sanchez Lopez,46300.48166,46300.75521,Terminada,NA,NA,NA
143847687,NA,OS-66467443,38989223,Instalaci√≥n,TIJUANA PLAYAS D,AMPLIACION SANTA FE TIJUANA,JELTM ASESORES FISCALES SA DE CV 3,JELM3NTET0106,Alan Gerardo Sanchez Lopez,46299.64203,46300.54043,Terminada,NA,NA,NA
127069388,447112019,OS-66493760,39014632,Cambio De Plan,TIJUANA PLAYAS D,ALTAMIRA,CRCE 3,CRCE3TIJT4089,Cristian Andres Cabral Roman,46300.5986,46300.89361,Terminada,NA,NA,NA
104863804,446474591,OS-66403850,38935007,Cambio De Domicilio,TIJUANA PLAYAS D,ALTAMIRA,CRCE 3,CRCE3TIJT4093,Jose Rodolfo Lopez Plata,46297.60541,46300.75334,Terminada,NA,NA,NA
143353539,447067355,OS-66490086,39010005,Cambio De Domicilio,TIJUANA PLAYAS D,AMPLIACION FUNDADORES,CRCE 3,CRCE3TIJT4090,Luis Felipe Estrada Sandoval,46300.50944,46300.7603,Terminada,NA,NA,NA
143675112,446946493,OS-66470000,38992192,Addons,TIJUANA PLAYAS D,AMPLIACION ROSAMAR 5,JELTM ASESORES FISCALES SA DE CV 3,JELM3NTET0100,Joseph Quintero Calderon,46299.76618,46300.6838,Terminada,NA,NA,NA
143563396,447019548,OS-66486262,39005149,Addons,TIJUANA PLAYAS D,AMPLIACION ROSAMAR 7,JELTM ASESORES FISCALES SA DE CV 3,JELM3NTET0100,Joseph Quintero Calderon,46300.42368,46300.52416,Terminada,NA,NA,NA
141380625,447084709,OS-66491508,39011753,Addons,TIJUANA PLAYAS D,AMPLIACION ZAPATA 1,JELTM ASESORES FISCALES SA DE CV 3,JELE3TIJT0194,Moises Hernandez Gomez,46300.5427,46301.47543,Terminada,NA,NA,NA
104468794,447123247,OS-66494780,39015894,Addons,TIJUANA PLAYAS D,FUNDADORES,ADDNOVATI 3,ADDM3NTET0138,Francisco Javier Esparza Almaguer,46300.62359,46300.76078,Terminada,NA,NA,NA
101309842,446440782,OS-66401237,38931634,Cambio De Equipo,TIJUANA PLAYAS D,FUNDADORES,ADDNOVATI 3,ADDM3NTET0137,Yadira Barriga Salgado,46297.53296,46300.84258,Terminada,NA,NA,NA
107103259,446428985,OS-66400898,38931160,Cambio De Equipo,TIJUANA PLAYAS D,FUNDADORES,ADDNOVATI 3,ADDM3NTET0137,Yadira Barriga Salgado,46297.52463,46300.6244,Terminada,NA,NA,NA
101061856,446440862,OS-66401232,38931627,Cambio De Equipo,TIJUANA PLAYAS D,FUNDADORES,CRCE 3,CRCE3TIJT4089,Cristian Andres Cabral Roman,46297.53279,46300.60237,Terminada,NA,NA,NA
126360022,446575236,OS-66425568,38951576,Cambio De Plan,TIJUANA PLAYAS D,NATURA,JELTM ASESORES FISCALES SA DE CV 3,JELE3TIJT0194,Moises Hernandez Gomez,46298.30245,46300.65977,Terminada,NA,NA,NA
141557968,446782202,OS-66441092,38970031,Cambio De Domicilio,TIJUANA PLAYAS D,PLAYAS TIJUANA,CRCE 3,CRCE3TIJT4091,Rodolfo Franco Gomez,46298.87992,46300.75155,Terminada,NA,NA,NA
143060183,446676565,OS-66432074,38959629,Cambio De Plan,TIJUANA PLAYAS D,PLAYAS TIJUANA,CRCE 3,CRCE3TIJT4086,Joshua Lozano Flores,46298.51985,46300.51109,Terminada,NA,NA,NA
106806066,446650264,OS-66430219,38957369,Cambio De Equipo,TIJUANA PLAYAS D,REFUGIO,ADDNOVATI 3,ADDM3NTET0138,Francisco Javier Esparza Almaguer,46298.47316,46300.53204,Terminada,NA,NA,NA
104791518,446448587,OS-66401856,38932458,Cambio De Equipo,TIJUANA PLAYAS D,ROSAMAR,JELTM ASESORES FISCALES SA DE CV 3,JELM3NTET0100,Joseph Quintero Calderon,46297.54836,46300.59968,Terminada,NA,NA,NA
103512631,447011169,OS-66485507,39004278,Recolecci√≥n Pi,TIJUANA PLAYAS D,ROSAMAR,JELTM ASESORES FISCALES SA DE CV 3,JELM3NTET0100,Joseph Quintero Calderon,46300.40747,46300.48278,Terminada,NA,NA,NA
104742191,447082633,OS-66491394,39011601,Addons,TIJUANA PLAYAS D,ROSAMAR,JELTM ASESORES FISCALES SA DE CV 3,JELM3NTET0100,Joseph Quintero Calderon,46300.53961,46300.79847,Terminada,NA,NA,NA
128653989,446931251,OS-66468748,38990799,Cambio De Domicilio,TIJUANA PLAYAS D,SALVATIERRA,ITAI 3,ITAM3NTET0120,Victor Giovanni Cruz Cruz,46299.69852,46300.86163,Terminada,NA,NA,NA
117970994,447030934,OS-66487188,39006355,Cambio De Plan,TIJUANA PLAYAS D,VALLE VERDE,ADDNOVATI 3,ADDE3ENST0108,Agustin Perez Cerino,46300.44601,46301.49461,Terminada,NA,NA,NA
141455397,446519146,OS-66407297,38939548,Cambio De Domicilio,TIJUANA PLAYAS D,ZAPATA,JELTM ASESORES FISCALES SA DE CV 3,JELE3TIJT0191,Martin Rogelio Nu√±ez Hernandez,46297.70288,46300.53707,Terminada,NA,NA,NA
107103259,446385229,OS-66397212,38926455,Cambio De Domicilio,TIJUANA PLAYAS D,ZAPATA,ADDNOVATI 3,ADDM3NTET0137,Yadira Barriga Salgado,46297.42874,46300.56834,Terminada,NA,NA,NA
143850261,NA,OS-66487898,39007319,Instalaci√≥n,TIJUANA PLAYAS D,AMPLIACION VALLE VERDE 3,ADDNOVATI 3,ADDE3ENST0124,Rogelio Isaac Martinez Avilez,46300.46188,46300.65984,Terminada,NA,NA,NA
143849831,NA,OS-66491843,39012236,Instalaci√≥n,TIJUANA PLAYAS D,AMPLIACION VALLE VERDE 3,ADDNOVATI 3,ADDE3ENST0124,Rogelio Isaac Martinez Avilez,46300.55108,46300.8116,Terminada,NA,NA,NA
124282168,446329469,OS-66394008,38922309,Cambio De Plan,TIJUANA PLAYAS D,VALLE VERDE,ADDNOVATI 3,ADDE3ENST0124,Rogelio Isaac Martinez Avilez,46297.30797,46301.48856,Terminada,NA,NA,NA
102929722,446435133,OS-66400994,38931292,Cambio De Equipo,TIJUANA PLAYAS D,FUNDADORES,CRCE 3,CRCE3TIJT4092,Jose Francisco Alcala Rosales,46297.52716,46300.87692,Terminada,NA,NA,NA
142473570,447135530,OS-66495959,39017425,Cambio De Domicilio,TIJUANA PLAYAS D,SALVATIERRA,CRCE 3,CRCE3TIJT4092,Jose Francisco Alcala Rosales,46300.65126,46300.77484,Terminada,NA,NA,NA
111216382,446961837,OS-66471594,38993813,Soporte,TIJUANA RIO D,OTAY,SOLUCIONIKA 3,SLKE3TIJT2114,Jose Luis Valeriano Zapata,46299.9298,46300.51553,Terminada,Falla En ONT,Falla En Puerto √ìptico,Limpieza de Puerto Optico
101044693,447113522,OS-66493811,39014687,Soporte,TIJUANA RIO D,MATAMOROS,SOLUCIONIKA 3,SLKE3TIJT2114,Jose Luis Valeriano Zapata,46300.59984,46300.71016,Terminada,Corte de Fibra/ Preconectorizada / Sin Servicio,"Da√±o por trabajos de Otro Carrier (incluye Municipio, CFE, etc)",Cambio de Acometida Unifibra
102875169,447143224,OS-66496641,39018282,Soporte,TIJUANA RIO D,MATAMOROS,SOLUCIONIKA 3,SLKE3TIJT2114,Jose Luis Valeriano Zapata,46300.66917,46300.78252,Terminada,Falla En ONT,ONT No Configurada (Sin Servicio),Reaprovisionamiento ONT
143854514,NA,OS-66498310,39020268,Instalaci√≥n,TIJUANA RIO D,MATAMOROS,SOLUCIONIKA 3,SLKE3TIJT2114,Jose Luis Valeriano Zapata,46300.70757,46300.86416,Terminada,NA,NA,NA
143850893,NA,OS-66488084,39007567,Instalaci√≥n,TIJUANA RIO D,OTAY,SOLUCIONIKA 3,SLKE3TIJT2114,Jose Luis Valeriano Zapata,46300.46653,46300.61352,Terminada,NA,NA,NA
117306469,447174509,OS-66499451,39021645,Soporte,TIJUANA RIO D,VILLA DEL CAMPO,SOLUCIONIKA 3,SLKE3TIJT4039,Fortunato Ruiz Paredes,46300.74192,46301.45391,Terminada,Falla en Conectores,Falla Conector RJ45,Cambio Conector RJ45
142318919,447116515,OS-66494154,39015094,Soporte,TIJUANA RIO D,MATAMOROS,SOLUCIONIKA 3,SLKE3TIJT4020,Alexis Ramiro Serrano Macias,46300.60682,46300.69009,Terminada,No Se Encontro Falla,Asesor√≠a servicio Contratado,Validaci√≥n de velocidad contratada
143850207,NA,OS-66486155,39005026,Instalaci√≥n,TIJUANA RIO D,FONTANA,SOLUCIONIKA 3,SLKE3TIJT4020,Alexis Ramiro Serrano Macias,46300.42131,46300.52591,Terminada,NA,NA,NA
119557318,446853231,OS-66459605,38983657,Recolecci√≥n Pi,TIJUANA RIO D,AMPLIACION FONTANA 1,SOLUCIONIKA 3,SLKE3TIJT4020,Alexis Ramiro Serrano Macias,46299.48698,46300.59491,Terminada,NA,NA,NA
102305829,446682701,OS-66432559,38960206,Addons,TIJUANA RIO D,FONTANA,SOLUCIONIKA 3,SLKE3TIJT4020,Alexis Ramiro Serrano Macias,46298.53162,46300.56595,Terminada,NA,NA,NA
143805477,446755760,OS-66438888,38967739,Soporte,TIJUANA RIO D,PACIFICO,ECO TELECOM 3,ECOE3TIJT0299,Isaias Esvin Hernandez Lopez,46298.73155,46300.46113,Terminada,Corte de Fibra/ Preconectorizada / Sin Servicio,"Da√±o por trabajos de Otro Carrier (incluye Municipio, CFE, etc)",Reasignaci√≥n de Splitter 2N (Cambio de Acometida)
104475028,447032215,OS-66487223,39006396,Soporte,TIJUANA RIO D,PATRIA NUEVA,ECO TELECOM 3,ECOE3TIJT0299,Isaias Esvin Hernandez Lopez,46300.44688,46300.78344,Terminada,Falla En ONT,ONT No Configurada (Sin Servicio),Reaprovisionamiento ONT
101184396,447029154,OS-66487015,39006137,Soporte,TIJUANA RIO D,PATRIA NUEVA,ECO TELECOM 3,ECOE3TIJT0299,Isaias Esvin Hernandez Lopez,46300.44155,46301.49891,Terminada,Falla En STB,Falla En Fuente De Poder,Cambio STB
200939397,1,NA,39013893,Hallazgo Empresarial,TIJUANA RIO D,AMPLIACION PATRIA NUEVA 1,ECO TELECOM 3,ECOE3TIJT0299,Isaias Esvin Hernandez Lopez,46300.58375,46300.636,Terminada,NA,NA,NA
200320926,447031993,OS-66487313,39006524,Empresarial,TIJUANA RIO D,OTAY,SOLUCIONIKA 3,SLKE3TIJT4008,Lazaro Rodriguez Gil,46300.44892,46300.62613,Terminada,Falla en Conectores,Falla Conector Prepulido,Cambio Ambos Conectores Prepulidos
143849536,NA,OS-66484050,39002551,Instalaci√≥n,TIJUANA RIO D,AMPLIACION FONTANA 1,SOLUCIONIKA 3,SLKE3TIJT4008,Lazaro Rodriguez Gil,46300.36887,46300.52535,Terminada,NA,NA,NA
102004417,446964982,OS-66482108,38999949,Soporte,TIJUANA RIO D,MATAMOROS,SOLUCIONIKA 3,SLKE3TIJT0309,Armando Nolasco Carrasco,46300.25499,46300.46556,Terminada,Falla En ONT,ONT No Configurada (Sin Servicio),Reaprovisionamiento ONT
143847412,NA,OS-66468324,38990299,Instalaci√≥n,TIJUANA RIO D,FONTANA,SOLUCIONIKA 3,SLKE3TIJT0309,Armando Nolasco Carrasco,46299.6781,46300.68285,Terminada,NA,NA,NA
143850147,NA,OS-66486588,39005553,Instalaci√≥n,TIJUANA RIO D,MATAMOROS,SOLUCIONIKA 3,SLKE3TIJT0309,Armando Nolasco Carrasco,46300.43072,46300.56116,Terminada,NA,NA,NA
142265072,447203704,OS-66502885,39025177,Soporte,TIJUANA RIO D,MATAMOROS,SOLUCIONIKA 3,SLKE3TIJT0217,Bryan Nahum Rodriguez Castillo,46300.94185,46301.45076,Terminada,Falla En ONT,Falla En Puerto √ìptico,Limpieza de Puerto Optico
142161236,447106204,OS-66493194,39013933,Soporte,TIJUANA RIO D,PATRIA NUEVA,SOLUCIONIKA 3,SLKE3TIJT0217,Bryan Nahum Rodriguez Castillo,46300.58458,46300.85235,Terminada,Corte de Fibra/ Preconectorizada / Sin Servicio,Poda de Arboles,Cambio de Acometida Unifibra
143850411,NA,OS-66486918,39006001,Instalaci√≥n,TIJUANA RIO D,MATAMOROS,SOLUCIONIKA 3,SLKE3TIJT0217,Bryan Nahum Rodriguez Castillo,46300.43916,46300.64419,Terminada,NA,NA,NA
143846550,NA,OS-66460886,38985152,Instalaci√≥n,TIJUANA RIO D,AMPLIACION FONTANA 1,SOLUCIONIKA 3,SLKE3TIJT0217,Bryan Nahum Rodriguez Castillo,46299.52918,46300.48164,Terminada,NA,NA,NA
127062404,446535796,OS-66408752,38941300,Cambio De Domicilio,TIJUANA RIO D,MATAMOROS,SOLUCIONIKA 3,SLKE3TIJT0217,Bryan Nahum Rodriguez Castillo,46297.74707,46300.77278,Terminada,NA,NA,NA
140175381,446785612,OS-66441594,38970545,Soporte,TIJUANA RIO D,OTAY,ECO TELECOM 3,ECOE3TIJT4009,Edgar Jesus Lopez Rivera,46298.96247,46300.67699,Terminada,Falla En ONT,Falla En Puerto √ìptico,Limpieza de Puerto Optico
119590561,446905238,OS-66462979,38987643,Soporte,TIJUANA RIO D,OTAY,ECO TELECOM 3,ECOE3TIJT4009,Edgar Jesus Lopez Rivera,46299.60662,46300.48339,Terminada,Falla En ONT,ONT No Configurada (Sin Servicio),Reaprovisionamiento ONT
102852632,446905307,OS-66463291,38987809,Soporte,TIJUANA RIO D,ROSAS MAGALLON,ECO TELECOM 3,ECOE3TIJT4269,Raul Cano Meneses,46299.60818,46300.56181,Terminada,Falla En ONT,Falla En Fuente De Poder,Cambio de Fuente de Poder
103982945,446950104,OS-66470294,38992497,Soporte,TIJUANA RIO D,PATRIA NUEVA,ECO TELECOM 3,ECOE3TIJT4009,Edgar Jesus Lopez Rivera,46299.78769,46300.61729,Terminada,Corte de Fibra/ Preconectorizada / Sin Servicio,"Mala Instalaci√≥n Unifibra (En Tensor, FO Ahorcada, Trayectoria)",Reasignaci√≥n de Splitter 2N (Cambio de Acometida)
143853627,NA,OS-66495699,39017100,Instalaci√≥n,TIJUANA RIO D,PATRIA NUEVA,ECO TELECOM 3,ECOE3TIJT4269,Raul Cano Meneses,46300.64479,46300.79475,Terminada,NA,NA,NA
143852883,NA,OS-66493775,39014649,Instalaci√≥n,TIJUANA RIO D,PATRIA NUEVA,ECO TELECOM 3,ECOE3TIJT4009,Edgar Jesus Lopez Rivera,46300.59897,46300.75913,Terminada,NA,NA,NA
141045414,446947023,OS-66470054,38992245,Cambio De Domicilio,TIJUANA RIO D,PATRIA NUEVA,ECO TELECOM 3,ECOE3TIJT4269,Raul Cano Meneses,46299.76921,46300.69806,Terminada,NA,NA,NA
Hallazgos,1,NA,39009918,Mantenimiento Mayor,TIJUANA RIO D,MATAMOROS,SOLUCIONIKA 3,SLKMTTIJT0103,Eladio Meza Alfonso,46300.50814,46300.63745,Terminada,NA,NA,NA
Hallazgos,1,NA,39017963,Mantenimiento Menor,TIJUANA RIO D,MATAMOROS,SOLUCIONIKA 3,SLKMTTIJT0103,Eladio Meza Alfonso,46300.66264,46300.71409,Terminada,NA,NA,NA
Hallazgos,1,NA,39005253,Mantenimiento Menor,TIJUANA RIO D,MATAMOROS,SOLUCIONIKA 3,SLKMTTIJT0103,Eladio Meza Alfonso,46300.42535,46300.53642,Terminada,NA,NA,NA
Hallazgos,1,NA,39014834,Mantenimiento Mayor,TIJUANA RIO D,MATAMOROS,SOLUCIONIKA 3,SLKMTTIJT0103,Eladio Meza Alfonso,46300.60285,46300.69602,Terminada,NA,NA,NA
104491540,447196736,OS-66501906,39024172,Soporte,TIJUANA RIO D,DOS MIL,SOLUCIONIKA 3,SLKE3TIJT4113,Carlos Jovani Serrano Avenda√±o,46300.84226,46301.48583,Terminada,Falla en Conectores,Falla Conector Prepulido,Cambio Ambos Conectores Prepulidos
141372001,447038487,OS-66487696,39007031,Soporte,TIJUANA RIO D,DOS MIL,SOLUCIONIKA 3,SLKE3TIJT4113,Carlos Jovani Serrano Avenda√±o,46300.45728,46300.55661,Terminada,Falla En ONT,Falla En Fuente De Poder,Cambio de Fuente de Poder
143853232,NA,OS-66494968,39016125,Instalaci√≥n,TIJUANA RIO D,DOS MIL,SOLUCIONIKA 3,SLKE3TIJT4113,Carlos Jovani Serrano Avenda√±o,46300.62794,46300.7502,Terminada,NA,NA,NA
143838886,NA,OS-66410862,38943541,Instalaci√≥n,TIJUANA RIO D,DOS MIL,SOLUCIONIKA 3,SLKE3TIJT4113,Carlos Jovani Serrano Avenda√±o,46297.85223,46300.63006,Terminada,NA,NA,NA
143849709,NA,OS-66484740,39003378,Instalaci√≥n,TIJUANA RIO D,DOS MIL,SOLUCIONIKA 3,SLKE3TIJT4113,Carlos Jovani Serrano Avenda√±o,46300.3881,46300.50064,Terminada,NA,NA,NA
143842846,NA,OS-66435471,38963720,Instalaci√≥n,TIJUANA RIO D,PATRIA NUEVA,SOLUCIONIKA 3,SLKE3TIJT0501,Sergio Isael Lopez Melchor,46298.61234,46300.58441,Terminada,NA,NA,NA
143853422,NA,OS-66495053,39016240,Instalaci√≥n,TIJUANA RIO D,MATAMOROS,SOLUCIONIKA 3,SLKE3TIJT0501,Sergio Isael Lopez Melchor,46300.6297,46300.81163,Terminada,NA,NA,NA
118197851,447044782,OS-66488209,39007722,Soporte,TIJUANA RIO D,AMPLIACION DOS MIL 1,SOLUCIONIKA 3,SLKE3TIJT0100,Carlos Alberto Cortez Castro,46300.46872,46301.4394,Terminada,Corte de Fibra/ Preconectorizada / Sin Servicio,Vandalismo,Reasignaci√≥n de Splitter 2N (Cambio de Acometida)
143733519,446892063,OS-66462121,38986626,Soporte,TIJUANA RIO D,PATRIA NUEVA,ECO TELECOM 3,ECOE3TIJT4288,Doney Ordorica Santero,46299.5744,46300.5349,Terminada,Corte de Fibra/ Preconectorizada / Sin Servicio,Veh√≠culo con Exceso de Dimensiones,Cambio de Trayectoria Acometida
143079880,446951508,OS-66470418,38992623,Soporte,TIJUANA RIO D,FONTANA,SOLUCIONIKA 3,SLKE3TIJT2281,Axel Amadeo Ramirez Mendoza,46299.79738,46300.46554,Terminada,Falla en Conectores,Falla Conector RJ45,Cambio Conector RJ45
104121708,447200405,OS-66502415,39024697,Soporte,TIJUANA RIO D,AMPLIACION PACIFICO,ECO TELECOM 3,ECOE3TIJT2319,Eliseo Ortiz Mujica,46300.87894,46301.47117,Terminada,Falla En ONT,Falla En Puerto √ìptico,Limpieza de Puerto Optico
106944087,447054656,OS-66488971,39008659,Soporte,TIJUANA RIO D,OTAY,ECO TELECOM 3,ECOE3TIJT4300,David Eduardo Solano Caballero,46300.48564,46300.80372,Terminada,Falla En ONT,Falla En Fuente De Poder,Cambio de Fuente de Poder
104478716,447090329,OS-66491937,39012353,Soporte,TIJUANA RIO D,AGUA CALIENTE,ECO TELECOM 3,ECOE3TIJT2297,Erick Alexander Hernandez Ruiz,46300.55308,46300.70084,Terminada,Falla en Conectores,Falla Conector Prepulido,Cambio Conector Prepulido Splitter
103484623,446739362,OS-66437503,38966143,Soporte,TIJUANA RIO D,ROSAS MAGALLON,ECO TELECOM 3,ECOE3TIJT2334,Kevin Antonio Hernandez Martinez,46298.67583,46300.78223,Terminada,Corte de Fibra/ Preconectorizada / Sin Servicio,"Da√±o por trabajos de Otro Carrier (incluye Municipio, CFE, etc)",Cambio de Trayectoria Acometida
120788072,446956608,OS-66470900,38993111,Soporte,TIJUANA RIO D,FONTANA,SOLUCIONIKA 3,SLKE3TIJT2197,Carlos Antonio Navarrete Polanco,46299.83738,46300.54773,Terminada,Falla en Conectores,Falla Conector RJ45,Cambio Conector RJ45
108505555,447023355,OS-66486580,39005545,Soporte,TIJUANA RIO D,MAGISTERIAL,TETSI 3,TETE3TIJT2043,David Guerrero Cantero,46300.43058,46300.57012,Terminada,Falla En ONT,Falla En Fuente De Poder,Cambio de Fuente de Poder
142250420,446963581,OS-66471778,38993990,Soporte,TIJUANA RIO D,AMPLIACION MAGISTERIAL 1,JELTM ASESORES FISCALES SA DE CV 3,JELM3NTET0102,Francisco Javier Lozano Palacios,46300.06248,46300.63308,Terminada,Corte de Fibra/ Preconectorizada / Sin Servicio,Vandalismo,Cambio de Trayectoria Acometida
109522507,447106516,OS-66493232,39013982,Soporte,TIJUANA RIO D,VILLA DEL CAMPO,SOLUCIONIKA 3,SLKE3TIJT4230,Gustavo Contreras Benitez,46300.58578,46300.64743,Terminada,Falla En ONT,ONT No Configurada (Sin Servicio),Reaprovisionamiento ONT
142919779,447009763,OS-66485379,39004123,Soporte,TIJUANA RIO D,MAGISTERIAL,TETSI 3,TETE3TIJT2043,David Guerrero Cantero,46300.40424,46300.69758,Terminada,Falla En STB,STB No Configurada (Sin Servicio),Reaprovisionamiento STB
107041771,447093968,OS-66492400,39012936,Soporte,TIJUANA RIO D,AGUA CALIENTE,ECO TELECOM 3,ECOE3TIJT2297,Erick Alexander Hernandez Ruiz,46300.5644,46300.78567,Terminada,Falla en Conectores,Falla Conector Prepulido,Cambio Ambos Conectores Prepulidos
103958655,446997410,OS-66484505,39003086,Soporte,TIJUANA RIO D,DOS MIL,SOLUCIONIKA 3,SLKE3TIJT2255,Marcos Fabian Roblero Garcia,46300.38128,46300.79444,Terminada,Falla En ONT,Falla En Fuente De Poder,Cambio ONT
143181284,447139122,OS-66496285,39017826,Soporte,TIJUANA RIO D,FONTANA,SOLUCIONIKA 3,SLKE3TIJT4215,Marcelino Rodriguez Cruz,46300.6597,46300.78721,Terminada,Falla En ONT,Falla En Puerto √ìptico,Limpieza de Puerto Optico
114027344,447045543,OS-66488336,39007873,Soporte,TIJUANA RIO D,PATRIA NUEVA,ECO TELECOM 3,ECOE3TIJT4279,Jose Francisco Sanchez Ramos,46300.47161,46300.78757,Terminada,No Se Encontro Falla,Asesor√≠a uso servicio de Internet,Redes 2.4G y 5G
143666284,447050061,OS-66488613,39008214,Soporte,TIJUANA RIO D,PATRIA NUEVA,ECO TELECOM 3,ECOE3TIJT2217,Rogelio Alberto Aguirre Vazquez,46300.47765,46300.78334,Terminada,Falla En ONT,ONT No Configurada (Sin Servicio),Reaprovisionamiento ONT
200106728,446311914,OS-66490878,39010989,Empresarial,TIJUANA RIO D,ROSAS MAGALLON,SOLUCIONIKA 3,SLKE3TIJT2211,Cesar Eduardo Soto Arriaga,46300.52809,46301.45749,Terminada,Hogar Seguro ,"Da√±o F√≠sico (Descarga El√©ctrica, Insectos, Humedad, otro)",Cambio Dispositivo
142307118,447245287,OS-66516154,39033601,Soporte,TIJUANA RIO D,MATAMOROS,SOLUCIONIKA 3,SLKE3TIJT2291,Damian Said Aguilar Dominguez,46301.36608,46301.46675,Terminada,Falla En ONT,Falla En Puerto √ìptico,Limpieza de Puerto Optico
104126250,447114476,OS-66493923,39014820,Soporte,TIJUANA RIO D,PATRIA NUEVA,ECO TELECOM 3,ECOE3TIJT4286,Luis Enrique Soto Nunez,46300.6026,46301.45727,Terminada,"Falla Cableado (UTP, Telefonico)","Desgaste de Cableado (Clima, Tiempo de Vida)",Cambio de Cableado UTP/Telef√≥nico
103411385,447190828,OS-66501168,39023438,Soporte,TIJUANA RIO D,PACIFICO,ECO TELECOM 3,ECOM3NTET0152,Salvador Gonzalez Martinez,46300.80659,46301.46584,Terminada,Falla En ONT,Falla En Puerto √ìptico,Cambio ONT
109472656,447202605,OS-66502759,39025050,Soporte,TIJUANA RIO D,ROSAS MAGALLON,ECO TELECOM 3,ECOE3TIJT4268,Ricardo Martinez Rodriguez,46300.91394,46301.45772,Terminada,Corte de Fibra/ Preconectorizada / Sin Servicio,"Da√±o por trabajos de Otro Carrier (incluye Municipio, CFE, etc)",Cambio de Trayectoria Acometida
106915047,447187615,OS-66500811,39023075,Soporte,TIJUANA RIO D,MATAMOROS,SOLUCIONIKA 3,SLKE3TIJT2237,Hugo Alberto Ponce Virgen,46300.78942,46301.4703,Terminada,Falla En ONT,ONT No Configurada (Sin Servicio),Reaprovisionamiento ONT
102439175,447166269,OS-66498691,39020745,Soporte,TIJUANA RIO D,DOS MIL,SOLUCIONIKA 3,SLKE3TIJT2255,Marcos Fabian Roblero Garcia,46300.71898,46301.4751,Terminada,Falla En STB,Falla Puerto HDMI,Cambio de Cable HDMI
106837675,447173198,OS-66499274,39021436,Soporte,TIJUANA RIO D,OTAY,ECO TELECOM 3,ECOE3TIJT4279,Jose Francisco Sanchez Ramos,46300.73634,46301.48644,Terminada,Falla en Conectores,Falla Conector RJ45,Cambio Conector RJ45
103589307,447181979,OS-66500213,39022455,Soporte,TIJUANA RIO D,PATRIA NUEVA,ECO TELECOM 3,ECOE3TIJT2160,Israel Cruz Hernandez,46300.7644,46301.49458,Terminada,Corte de Fibra/ Preconectorizada / Sin Servicio,"Mala Instalaci√≥n Unifibra (En Tensor, FO Ahorcada, Trayectoria)",Correccion de Anomalias en Acometida
114916046,446956864,OS-66470932,38993143,Soporte,TIJUANA RIO D,AMPLIACION FONTANA 2,SOLUCIONIKA 3,SLKE3TIJT4217,Javier Jimenez Abarca,46299.84039,46300.44394,Terminada,Falla en Conectores,Falla Conector Prepulido,Cambio Ambos Conectores Prepulidos
105876215,446888341,OS-66461794,38986254,Soporte,TIJUANA RIO D,OTAY,ECO TELECOM 3,ECOE3TIJT4286,Luis Enrique Soto Nunez,46299.56225,46300.44619,Terminada,Falla En ONT,ONT No Configurada (Sin Servicio),Reaprovisionamiento ONT
110415445,446945312,OS-66469946,38992136,Soporte,TIJUANA RIO D,PACIFICO,ECO TELECOM 3,ECOE3TIJT2156,Jareb Noe Moran Cohetero,46299.76228,46300.44456,Terminada,Falla En ONT,Falla En Fuente De Poder,Cambio ONT
143456007,446758863,OS-66439228,38968117,Soporte,TIJUANA RIO D,COLINAS DEL FLORIDO,SOLUCIONIKA 3,SLKE3TIJT2276,Oscar Espino Valle,46298.74671,46300.53347,Terminada,Falla en Conectores,Falla Conector Prepulido,Cambio Conector Prepulido Splitter
142935805,446945858,OS-66469979,38992171,Soporte,TIJUANA RIO D,PATRIA NUEVA,SOLUCIONIKA 3,SLKE3TIJT4208,Jonathan Marcelino Tadeo Wandestran,46299.76487,46300.57911,Terminada,Corte de Fibra/ Preconectorizada / Sin Servicio,"Da√±o por trabajos de Otro Carrier (incluye Municipio, CFE, etc)",Reasignaci√≥n de Splitter 2N (Cambio de Acometida)
103544087,446962466,OS-66471672,38993884,Soporte,TIJUANA RIO D,PACIFICO,SOLUCIONIKA 3,SLKE3TIJT2258,Sebastian Limon Carmona,46299.95648,46300.6213,Terminada,Falla En ONT,ONT No Configurada (Sin Servicio),Reaprovisionamiento ONT
143831617,446999502,OS-66484580,39003176,Soporte,TIJUANA RIO D,MATAMOROS,SOLUCIONIKA 3,SLKE3TIJT2245,Ever Marroquin Velazquez,46300.38341,46300.50942,Terminada,Corte de Fibra/ Preconectorizada / Sin Servicio,"Mala Instalaci√≥n Unifibra (En Tensor, FO Ahorcada, Trayectoria)",Correccion de Anomalias en Acometida
114375618,447004747,OS-66484967,39003641,Soporte,TIJUANA RIO D,COLINAS DEL FLORIDO,SOLUCIONIKA 3,SLKE3TIJT4230,Gustavo Contreras Benitez,46300.39421,46300.51545,Terminada,Falla en Conectores,Falla Conector Prepulido,Cambio Conector Prepulido ONT
125756921,446958839,OS-66471188,38993402,Soporte,TIJUANA RIO D,AGUA CALIENTE,ECO TELECOM 3,ECOE3TIJT2325,Oscar Montes Diaz,46299.86801,46300.91219,Terminada,Falla En ONT,Falla Red Wifi ONT,Reubicaci√≥n ONT
133690696,447021188,OS-66486389,39005291,Soporte,TIJUANA RIO D,ROSAS MAGALLON,ECO TELECOM 3,ECOE3TIJT2262,Angel Moises Vargas Rosas,46300.42611,46300.64317,Terminada,Corte de Fibra/ Preconectorizada / Sin Servicio,Veh√≠culo con Exceso de Dimensiones,Cambio de Trayectoria Acometida
128661802,447108091,OS-66493399,39014183,Soporte,TIJUANA RIO D,VILLA DEL CAMPO,SOLUCIONIKA 3,SLKE3TIJT4230,Gustavo Contreras Benitez,46300.59005,46300.67266,Terminada,Falla en Conectores,Falla Conector Prepulido,Cambio Conector Prepulido ONT
143849536,447084549,OS-66491513,39011761,Soporte,TIJUANA RIO D,AMPLIACION FONTANA 1,JELTM ASESORES FISCALES SA DE CV 3,JELM3NTET0109,Armando Uriel Vazquez Garcia,46300.54293,46300.64692,Terminada,Falla En ONT,ONT No Configurada (Sin Servicio),Reaprovisionamiento ONT
143846550,447063937,OS-66489845,39009697,Soporte,TIJUANA RIO D,AMPLIACION FONTANA 1,SOLUCIONIKA 3,SLKE3TIJT4217,Javier Jimenez Abarca,46300.50427,46300.64626,Terminada,Falla En ONT,ONT No Configurada (Sin Servicio),Reaprovisionamiento ONT
200497380,447000248,OS-66486361,39005263,Empresarial,TIJUANA RIO D,ROSAS MAGALLON,ECO TELECOM 3,ECOE3TIJT2158,Jesus Simitrio Garcia Lopez,46300.42546,46300.68593,Terminada,Corte de Fibra/ Preconectorizada / Sin Servicio,"Mala Instalaci√≥n Unifibra (En Tensor, FO Ahorcada, Trayectoria)",Correccion de Anomalias en Acometida
141695826,446925709,OS-66468301,38990269,Soporte,TIJUANA RIO D,CERRO COLORADO,ECO TELECOM 3,ECOE3TIJT4302,Carlos De Jesus Rodriguez Gonzalez,46299.67722,46300.71189,Terminada,Falla en Conectores,Falla Conector Prepulido,Cambio Ambos Conectores Prepulidos
106525230,446868937,OS-66460658,38984896,Soporte,TIJUANA RIO D,ROSAS MAGALLON,ECO TELECOM 3,ECOE3TIJT4305,Victor Manuel Cruz Escobar,46299.52174,46300.73933,Terminada,Corte de Fibra/ Preconectorizada / Sin Servicio,"Mala Instalaci√≥n Unifibra (En Tensor, FO Ahorcada, Trayectoria)",Correccion de Anomalias en Acometida
107857964,447094066,OS-66492262,39012766,Soporte,TIJUANA RIO D,AMPLIACION MAGISTERIAL 1,TETSI 3,TETE3TIJT2045,Diego Imanol Arellano Perez,46300.5608,46300.64563,Terminada,Falla en Conectores,Falla Conector Prepulido,Cambio Ambos Conectores Prepulidos
143133221,447077080,OS-66490905,39011023,Soporte,TIJUANA RIO D,OTAY,ECO TELECOM 3,ECOE3TIJT2217,Rogelio Alberto Aguirre Vazquez,46300.52876,46300.66137,Terminada,Corte de Fibra/ Preconectorizada / Sin Servicio,Poda de Arboles,Cambio de Trayectoria Acometida
142245202,446955660,OS-66470796,38993006,Soporte,TIJUANA RIO D,AMPLIACION FONTANA 1,SOLUCIONIKA 3,SLKE3TIJT2291,Damian Said Aguilar Dominguez,46299.82826,46300.63931,Terminada,Falla En ONT,Falla En Puerto √ìptico,Limpieza de Puerto Optico
127936346,447059012,OS-66489428,39009207,Soporte,TIJUANA RIO D,VILLA DEL CAMPO,SOLUCIONIKA 3,SLKE3TIJT4235,Miguel Angel Sanchez Martinez,46300.49576,46300.6553,Terminada,Falla En ONT,Problema De Ancho De Banda,Cambio ONT
105557350,447067702,OS-66490158,39010126,Soporte,TIJUANA RIO D,ROSAS MAGALLON,ECO TELECOM 3,ECOE3TIJT4285,Estheven Manzano Tirado,46300.51152,46300.89375,Terminada,Falla En ONT,Falla En Puerto √ìptico,Cambio ONT
141733188,447117145,OS-66494195,39015145,Soporte,TIJUANA RIO D,MAGISTERIAL,TETSI 3,TETE3TIJT2050,Louis Ramos Cruz,46300.60775,46300.73138,Terminada,Falla En ONT,Falla En Fuente De Poder,Cambio de Fuente de Poder
141988056,446742062,OS-66437670,38966352,Soporte,TIJUANA RIO D,DOS MIL,SOLUCIONIKA 3,SLKE3TIJT4224,Jesus Alfonso Rosales Gonzalez,46298.68295,46300.90405,Terminada,Falla en Conectores,Falla Conector Prepulido,Cambio Ambos Conectores Prepulidos
122258924,447196985,OS-66501941,39024210,Soporte,TIJUANA RIO D,PACIFICO,JELTM ASESORES FISCALES SA DE CV 3,JELM3NTET0102,Francisco Javier Lozano Palacios,46300.84499,46301.45431,Terminada,No Se Encontro Falla,Asesor√≠a uso servicio de Internet,Redes 2.4G y 5G
104892443,447145427,OS-66496874,39018578,Soporte,TIJUANA RIO D,MATAMOROS,SOLUCIONIKA 3,SLKE3TIJT2130,Alfredo Gomez Tapia,46300.6739,46300.75655,Terminada,Falla En ONT,ONT No Configurada (Sin Servicio),Reaprovisionamiento ONT
102671485,446973671,OS-66482660,39000712,Soporte,TIJUANA RIO D,PATRIA NUEVA,ECO TELECOM 3,ECOE3TIJT2241,Luis Antonio Flores Torres,46300.31383,46300.78731,Terminada,Corte de Fibra/ Preconectorizada / Sin Servicio,"Da√±o por trabajos de Otro Carrier (incluye Municipio, CFE, etc)",Reasignaci√≥n de Splitter 2N (Cambio de Acometida)
103336446,447241270,OS-66515823,39033191,Soporte,TIJUANA RIO D,DOS MIL,SOLUCIONIKA 3,SLKE3TIJT4134,Pablo Israel Cortes Carrillo,46301.35602,46301.46641,Terminada,Corte de Fibra/ Preconectorizada / Sin Servicio,Poda de Arboles,Cambio de Acometida Unifibra
140268283,447142233,OS-66496657,39018305,Soporte,TIJUANA RIO D,DOS MIL,SOLUCIONIKA 3,SLKE3TIJT4228,Jose Alberto Agustin Gaytan,46300.66964,46301.48868,Terminada,Falla En ONT,ONT No Configurada (Sin Servicio),Reaprovisionamiento ONT
101802388,447089700,OS-66491885,39012294,Soporte,TIJUANA RIO D,OTAY,ECO TELECOM 3,ECOE3TIJT4288,Doney Ordorica Santero,46300.55186,46300.79323,Terminada,Corte de Fibra/ Preconectorizada / Sin Servicio,Veh√≠culo con Exceso de Dimensiones,Cambio de Trayectoria Acometida
142707698,447010061,OS-66485400,39004150,Soporte,TIJUANA RIO D,AMPLIACION MAGISTERIAL 1,TETSI 3,TETE3TIJT2047,Juan Jose Martinez Rondan,46300.40479,46300.54877,Terminada,Falla En ONT,Falla En Puerto √ìptico,Cambio ONT
140176209,447043107,OS-66488070,39007544,Soporte,TIJUANA RIO D,PACIFICO,ECO TELECOM 3,ECOE3TIJT2299,Jesus Guadalupe Ochoa Morga,46300.46611,46301.48913,Terminada,No Se Encontro Falla,Asesor√≠a uso servicio de Internet,Pruebas de ancho de banda
102330163,446917564,OS-66467606,38989435,Soporte,TIJUANA RIO D,AGUA CALIENTE,ECO TELECOM 3,ECOE3TIJT4302,Carlos De Jesus Rodriguez Gonzalez,46299.64919,46300.47486,Terminada,No Se Encontro Falla,Asesor√≠a uso de servicio de Televisi√≥n,Asesor√≠a del uso del control remoto
141189349,446758815,OS-66439218,38968109,Soporte,TIJUANA RIO D,PACIFICO,ECO TELECOM 3,ECOE3TIJT4302,Carlos De Jesus Rodriguez Gonzalez,46298.74623,46300.42418,Terminada,No Se Encontro Falla,Asesor√≠a uso servicio de Internet,Redes 2.4G y 5G
143845914,447079419,OS-66491106,39011260,Soporte,TIJUANA RIO D,PATRIA NUEVA,TETSI 3,TETE3TIJT2048,Alan Ivan Puon Lopez,46300.53362,46300.62881,Terminada,Falla en Conectores,Falla Conector Prepulido,Cambio Ambos Conectores Prepulidos
110063695,447220749,OS-66514742,39031731,Soporte,TIJUANA RIO D,DOS MIL,SOLUCIONIKA 3,SLKE3TIJT4208,Jonathan Marcelino Tadeo Wandestran,46301.30006,46301.48792,Terminada,Corte de Fibra/ Preconectorizada / Sin Servicio,Poda de Arboles,Cambio de Acometida Unifibra
100709566,447211311,OS-66514303,39031239,Soporte,TIJUANA RIO D,MAGISTERIAL,TETSI 3,TETE3TIJT2049,Sergio Alberto Serrano Alvarado,46301.22711,46301.49784,Terminada,Falla En ONT,Falla En Puerto √ìptico,Limpieza de Puerto Optico
142026840,447262146,OS-66517527,39035417,Soporte,TIJUANA RIO D,MATAMOROS,SOLUCIONIKA 3,SLKE3TIJT2130,Alfredo Gomez Tapia,46301.40557,46301.49697,Terminada,Corte de Fibra/ Preconectorizada / Sin Servicio,Robo De Puerto,Reasignaci√≥n de Puerto en Mismo Splitter
106956348,447202370,OS-66502730,39025019,Soporte,TIJUANA RIO D,PATRIA NUEVA,SOLUCIONIKA 3,SLKE3TIJT2197,Carlos Antonio Navarrete Polanco,46300.90897,46301.49931,Terminada,Falla En ONT,Falla En Puerto √ìptico,Limpieza de Puerto Optico
106106350,447207442,OS-66503020,39025325,Soporte,TIJUANA RIO D,PACIFICO,ECO TELECOM 3,ECOE3TIJT4284,Luis Antonio Osuna Zamudio,46301.04161,46301.49767,Terminada,Corte de Fibra/ Preconectorizada / Sin Servicio,Poda de Arboles,Cambio de Acometida Unifibra
103849215,446901028,OS-66462687,38987315,Soporte,TIJUANA RIO D,ROSAS MAGALLON,ECO TELECOM 3,ECOE3TIJT4297,Felipe Gonzalez Ramos,46299.59546,46300.64861,Terminada,Corte de Fibra/ Preconectorizada / Sin Servicio,"Da√±o por trabajos de Otro Carrier (incluye Municipio, CFE, etc)",Cambio de Acometida Unifibra
129012693,446922033,OS-66467988,38989897,Soporte,TIJUANA RIO D,MAGISTERIAL,TETSI 3,TETE3TIJT2050,Louis Ramos Cruz,46299.66432,46300.65029,Terminada,Corte de Fibra/ Preconectorizada / Sin Servicio,Veh√≠culo con Exceso de Dimensiones,Cambio de Trayectoria Acometida
143839711,447084647,OS-66491526,39011796,Soporte,TIJUANA RIO D,MATAMOROS,SOLUCIONIKA 3,SLKE3TIJT4208,Jonathan Marcelino Tadeo Wandestran,46300.54334,46300.64764,Terminada,Falla En ONT,Falla Red Wifi ONT,Configuraci√≥n De Equipo
103999920,447109214,OS-66493467,39014274,Soporte,TIJUANA RIO D,FONTANA,SOLUCIONIKA 3,SLKE3TIJT2291,Damian Said Aguilar Dominguez,46300.59191,46300.68,Terminada,Falla En ONT,ONT No Configurada (Sin Servicio),Reaprovisionamiento ONT
142722013,447105533,OS-66493140,39013862,Soporte,TIJUANA RIO D,VILLA DEL CAMPO,SOLUCIONIKA 3,SLKE3TIJT2234,Erik Belisario Ferrer Cruz,46300.58307,46300.68647,Terminada,Falla En ONT,Falla En Fuente De Poder,Cambio de Fuente de Poder
106038633,446833879,OS-66457901,38981635,Soporte,TIJUANA RIO D,DOS MIL,SOLUCIONIKA 3,SLKE3TIJT4134,Pablo Israel Cortes Carrillo,46299.43243,46300.45826,Terminada,Falla En ONT,ONT No Configurada (Sin Servicio),Reaprovisionamiento ONT
143176098,446875086,OS-66461036,38985326,Soporte,TIJUANA RIO D,PATRIA NUEVA,TETSI 3,TETE3TIJT2041,Justin Alejandro Alcantar Rojas,46299.53397,46300.5195,Terminada,Corte de Fibra/ Preconectorizada / Sin Servicio,"Mala Instalaci√≥n Unifibra (En Tensor, FO Ahorcada, Trayectoria)",Correccion de Anomalias en Acometida
107513391,446941419,OS-66469534,38991700,Soporte,TIJUANA RIO D,PACIFICO,ECO TELECOM 3,ECOE3TIJT2299,Jesus Guadalupe Ochoa Morga,46299.73881,46300.5241,Terminada,Corte de Fibra/ Preconectorizada / Sin Servicio,Vandalismo,Reasignaci√≥n de Splitter 2N (Cambio de Acometida)
103162784,447099049,OS-66492791,39013434,Soporte,TIJUANA RIO D,DOS MIL,SOLUCIONIKA 3,SLKE3TIJT2308,Jorge Alberto Velazquez Bautista,46300.57367,46300.70564,Terminada,Falla en Conectores,Falla Conector RJ45,Cambio Conector RJ45
103239221,446957653,OS-66471037,38993248,Soporte,TIJUANA RIO D,PATRIA NUEVA,SOLUCIONIKA 3,SLKE3TIJT2207,Alfonso Josehp Fuentes Herrera,46299.85113,46300.57891,Terminada,Falla En ONT,Falla En Puerto √ìptico,Limpieza de Puerto Optico
119868380,446735526,OS-66437119,38965701,Soporte,TIJUANA RIO D,PATRIA NUEVA,SOLUCIONIKA 3,SLKE3TIJT2281,Axel Amadeo Ramirez Mendoza,46298.6631,46300.53976,Terminada,Falla En ONT,Falla En Puerto √ìptico,Limpieza de Puerto Optico
106202618,446667986,OS-66431345,38958736,Soporte,TIJUANA RIO D,ROSAS MAGALLON,ECO TELECOM 3,ECOE3TIJT2156,Jareb Noe Moran Cohetero,46298.50333,46300.54433,Terminada,Corte de Fibra/ Preconectorizada / Sin Servicio,"Mala Instalaci√≥n Unifibra (En Tensor, FO Ahorcada, Trayectoria)",Correccion de Anomalias en Acometida
140456764,447045930,OS-66488287,39007816,Soporte,TIJUANA RIO D,PATRIA NUEVA,ECO TELECOM 3,ECOE3TIJT2306,Jesus Salvador Valenzuela Valenzuela,46300.47054,46300.56144,Terminada,Falla En ONT,Falla En Puerto √ìptico,Limpieza de Puerto Optico
101586954,447033417,OS-66487319,39006530,Soporte,TIJUANA RIO D,ROSAS MAGALLON,ECO TELECOM 3,ECOE3TIJT4290,Omar Nava Nava,46300.44903,46300.71076,Terminada,Falla En ONT,Falla En Fuente De Poder,Cambio de Fuente de Poder
121603039,446975412,OS-66482799,39000883,Soporte,TIJUANA RIO D,TECATE,SOLUCIONIKA 3,SLKE3TIJT2167,Oscar Anibal Bernal Garcia,46300.32218,46300.71333,Terminada,Corte de Fibra/ Preconectorizada / Sin Servicio,Veh√≠culo con Exceso de Dimensiones,Cambio de Trayectoria Acometida
107893271,446725596,OS-66436259,38964633,Soporte,TIJUANA RIO D,MATAMOROS,SLUTEN 3,SLUM3NTET0144,Alberto Martinez Ortiz,46298.63515,46300.73959,Terminada,Falla En ONT,Falla En Puerto √ìptico,Cambio ONT
105465143,446898586,OS-66462495,38987084,Soporte,TIJUANA RIO D,PATRIA NUEVA,ECO TELECOM 3,ECOE3TIJT4291,Jose Alfredo Peinado Soto,46299.58898,46300.55215,Terminada,Corte de Fibra/ Preconectorizada / Sin Servicio,Robo De Puerto,Reconexi√≥n del Cliente Puerto Original
103594710,446957508,OS-66471029,38993240,Soporte,TIJUANA RIO D,MAGISTERIAL,JELTM ASESORES FISCALES SA DE CV 3,JELM3NTET0101,Marco Antonio Perez Abundiz,46299.84978,46300.52668,Terminada,Falla En ONT,Falla En Puerto √ìptico,Limpieza de Puerto Optico
103275511,446960778,OS-66471458,38993674,Soporte,TIJUANA RIO D,ROSAS MAGALLON,ECO TELECOM 3,ECOE3TIJT4285,Estheven Manzano Tirado,46299.90418,46300.53549,Terminada,Falla En STB,Falla Puerto HDMI,Cambio STB
141884772,446999903,OS-66484745,39003402,Soporte,TIJUANA RIO D,MATAMOROS,JELTM ASESORES FISCALES SA DE CV 3,JELM3NTET0109,Armando Uriel Vazquez Garcia,46300.38869,46300.59288,Terminada,Corte de Fibra/ Preconectorizada / Sin Servicio,Poda de Arboles,Cambio de Acometida Unifibra
109862500,446963109,OS-66471754,38993965,Soporte,TIJUANA RIO D,PATRIA NUEVA,SOLUCIONIKA 3,SLKE3TIJT2237,Hugo Alberto Ponce Virgen,46299.9973,46300.57262,Terminada,Falla En ONT,ONT No Configurada (Sin Servicio),Reaprovisionamiento ONT
111872486,447001468,OS-66484723,39003356,Soporte,TIJUANA RIO D,MAGISTERIAL,JELTM ASESORES FISCALES SA DE CV 3,JELM3NTET0111,Jorge Rigoberto Calderon Conde,46300.3876,46300.54641,Terminada,Corte de Fibra/ Preconectorizada / Sin Servicio,Veh√≠culo con Exceso de Dimensiones,Reasignaci√≥n de Splitter 2N (Cambio de Acometida)
115770382,446563983,OS-66411737,38944444,Soporte,TIJUANA RIO D,AGUA CALIENTE,ECO TELECOM 3,ECOM3NTET0119,Miguel Angel Jimenez Ascencio,46297.96913,46300.54797,Terminada,Falla En ONT,Falla En Puerto √ìptico,Limpieza de Puerto Optico
116657921,447015013,OS-66485836,39004673,Soporte,TIJUANA RIO D,MATAMOROS,SOLUCIONIKA 3,SLKE3TIJT4217,Javier Jimenez Abarca,46300.41457,46300.59612,Terminada,Corte de Fibra/ Preconectorizada / Sin Servicio,Robo De Puerto,Reasignaci√≥n de Puerto en Mismo Splitter
102426538,447041519,OS-66487945,39007379,Soporte,TIJUANA RIO D,PATRIA NUEVA,ECO TELECOM 3,ECOE3TIJT4286,Luis Enrique Soto Nunez,46300.46313,46300.56602,Terminada,Falla En ONT,Falla En Puerto √ìptico,Limpieza de Puerto Optico
133897456,447008271,OS-66485229,39003954,Soporte,TIJUANA RIO D,ROSAS MAGALLON,ECO TELECOM 3,ECOE3TIJT2297,Erick Alexander Hernandez Ruiz,46300.40083,46300.59253,Terminada,Corte de Fibra/ Preconectorizada / Sin Servicio,Poda de Arboles,Cambio de Acometida Unifibra
143552221,447076559,OS-66490874,39010990,Soporte,TIJUANA RIO D,MAGISTERIAL,TETSI 3,TETE3TIJT2043,David Guerrero Cantero,46300.52809,46300.59719,Terminada,"Falla Cableado (UTP, Telefonico)",Mala Instalaci√≥n Del Cableado,Cambio de Cableado UTP/Telef√≥nico
105209952,447093677,OS-66492216,39012715,Soporte,TIJUANA RIO D,PATRIA NUEVA,JELTM ASESORES FISCALES SA DE CV 3,JELM3NTET0107,Adrian Romo Camach–æ,46300.55994,46300.7425,Terminada,Corte de Fibra/ Preconectorizada / Sin Servicio,Vandalismo,Cambio de Acometida Unifibra
140825790,447037573,OS-66487621,39006936,Soporte,TIJUANA RIO D,MATAMOROS,SOLUCIONIKA 3,SLKE3TIJT2241,Norman Aldair Beltran Ceja,46300.45584,46300.75852,Terminada,Corte de Fibra/ Preconectorizada / Sin Servicio,Vandalismo,Cambio de Acometida Unifibra
140093366,446868320,OS-66460620,38984848,Soporte,TIJUANA RIO D,DOS MIL,JELTM ASESORES FISCALES SA DE CV 3,JELM3NTET0107,Adrian Romo Camach–æ,46299.51995,46300.58484,Terminada,Corte de Fibra/ Preconectorizada / Sin Servicio,Vandalismo,Cambio de Acometida Unifibra
141487912,446975951,OS-66482839,39000935,Soporte,TIJUANA RIO D,MAGISTERIAL,TETSI 3,TETE3TIJT2048,Alan Ivan Puon Lopez,46300.32382,46300.57286,Terminada,Corte de Fibra/ Preconectorizada / Sin Servicio,"Mala Instalaci√≥n Unifibra (En Tensor, FO Ahorcada, Trayectoria)",Correccion de Anomalias en Acometida
142246846,447121923,OS-66494628,39015695,Soporte,TIJUANA RIO D,AMPLIACION MAGISTERIAL 1,TETSI 3,TETE3TIJT2048,Alan Ivan Puon Lopez,46300.61913,46300.82372,Terminada,Falla en Conectores,Falla Conector Prepulido,Cambio Conector Prepulido Splitter
142736190,447220723,OS-66514738,39031727,Soporte,TIJUANA RIO D,PACIFICO,ECO TELECOM 3,ECOE3TIJT4302,Carlos De Jesus Rodriguez Gonzalez,46301.29995,46301.47539,Terminada,No Se Encontro Falla,Asesor√≠a uso servicio de Internet,Cambio de contrase√±a Wifi
143736549,447248105,OS-66516366,39033847,Soporte,TIJUANA RIO D,CERRO COLORADO,JELTM ASESORES FISCALES SA DE CV 3,JELM3NTET0105,Jose Guillermo Ramos Cama—Å–Ω–æ,46301.37295,46301.49639,Terminada,Corte de Fibra/ Preconectorizada / Sin Servicio,"Mala Instalaci√≥n Unifibra (En Tensor, FO Ahorcada, Trayectoria)",Correccion de Anomalias en Acometida
106436592,447123491,OS-66494758,39015865,Soporte,TIJUANA RIO D,MATAMOROS,SOLUCIONIKA 3,SLKE3TIJT2175,Josue Rodriguez Castillo,46300.62289,46300.72061,Terminada,Falla En ONT,Falla En Puerto √ìptico,Limpieza de Puerto Optico
105784480,446990306,OS-66483854,39002291,Soporte,TIJUANA RIO D,PATRIA NUEVA,ECO TELECOM 3,ECOE3TIJT2217,Rogelio Alberto Aguirre Vazquez,46300.36233,46300.70377,Terminada,Falla En ONT,ONT No Configurada (Sin Servicio),Reaprovisionamiento ONT
140632154,446956629,OS-66470901,38993112,Soporte,TIJUANA RIO D,MAGISTERIAL,TETSI 3,TETE3TIJT2037,Jose Angel Salazar Gomez,46299.83766,46300.503,Terminada,Corte de Fibra/ Preconectorizada / Sin Servicio,Veh√≠culo con Exceso de Dimensiones,Reasignaci√≥n de Splitter 2N (Cambio de Acometida)
140767306,446931067,OS-66468696,38990744,Soporte,TIJUANA RIO D,VILLA DEL CAMPO,SOLUCIONIKA 3,SLKE3TIJT2307,Damian Perez Martinez,46299.69602,46300.50826,Terminada,Falla en Conectores,Falla Conector Prepulido,Cambio Conector Prepulido Splitter
141796292,446669302,OS-66431446,38958868,Soporte,TIJUANA RIO D,TECATE_3_A,SLUTEN 3,SLUM3NTET0119,Javier Velez Castillo,46298.5056,46300.51399,Terminada,Falla en Conectores,Falla Conector Prepulido,Cambio Conector Prepulido ONT
104829260,446948163,OS-66470155,38992346,Soporte,TIJUANA RIO D,PATRIA NUEVA,SOLUCIONIKA 3,SLKE3TIJT2258,Sebastian Limon Carmona,46299.77634,46300.52109,Terminada,Falla En ONT,Falla En Puerto √ìptico,Limpieza de Puerto Optico
142366453,446816480,OS-66456788,38980308,Soporte,TIJUANA RIO D,AMPLIACION MAGISTERIAL 1,TETSI 3,TETE3TIJT2043,David Guerrero Cantero,46299.38567,46300.49759,Terminada,Falla en Conectores,Falla Conector Prepulido,Cambio Conector Prepulido Splitter
106671992,446906053,OS-66464215,38988183,Soporte,TIJUANA RIO D,ROSAS MAGALLON,ECO TELECOM 3,ECOE3TIJT2326,Noel Dario Sanchez Montelongo,46299.60917,46300.54708,Terminada,Corte de Fibra/ Preconectorizada / Sin Servicio,Fibra Inducida / Factor Clim√°tico,Reasignaci√≥n de Splitter 2N (Cambio de Acometida)
103356405,446892248,OS-66462119,38986625,Soporte,TIJUANA RIO D,MATAMOROS,TETSI 3,TETE3TIJT2050,Louis Ramos Cruz,46299.57434,46300.39635,Terminada,Falla en Conectores,Falla Conector Prepulido,Cambio Ambos Conectores Prepulidos
133269980,446942682,OS-66469650,38991833,Soporte,TIJUANA RIO D,MAGISTERIAL,TETSI 3,TETE3TIJT2043,David Guerrero Cantero,46299.74537,46300.44392,Terminada,Falla en Conectores,Falla Conector Prepulido,Cambio Conector Prepulido ONT
141742385,447031147,OS-66487150,39006304,Soporte,TIJUANA RIO D,VILLA DEL CAMPO,SOLUCIONIKA 3,SLKE3TIJT2309,Jesus Rafael Lugo Alvarez,46300.44492,46300.54157,Terminada,Corte de Fibra/ Preconectorizada / Sin Servicio,Veh√≠culo con Exceso de Dimensiones,Cambio de Trayectoria Acometida
112170172,446939512,OS-66469359,38991497,Soporte,TIJUANA RIO D,COLINAS DEL FLORIDO,SOLUCIONIKA 3,SLKE3TIJT4228,Jose Alberto Agustin Gaytan,46299.72896,46300.63153,Terminada,Falla En ONT,ONT No Configurada (Sin Servicio),Reaprovisionamiento ONT
106270302,446992650,OS-66484090,39002599,Soporte,TIJUANA RIO D,MAGISTERIAL,TETSI 3,TETE3TIJT2049,Sergio Alberto Serrano Alvarado,46300.3701,46300.47556,Terminada,Falla En ONT,Falla En Puerto √ìptico,Cambio ONT
118969086,447101369,OS-66492845,39013501,Soporte,TIJUANA RIO D,PACIFICO,JELTM ASESORES FISCALES SA DE CV 3,JELM3NTET0104,Cristian Ramirez Paez,46300.57508,46300.80708,Terminada,Corte de Fibra/ Preconectorizada / Sin Servicio,"Mala Instalaci√≥n Unifibra (En Tensor, FO Ahorcada, Trayectoria)",Correccion de Anomalias en Acometida
114662206,447105280,OS-66493521,39014338,Soporte,TIJUANA RIO D,MAGISTERIAL,JELTM ASESORES FISCALES SA DE CV 3,JELM3NTET0107,Adrian Romo Camach–æ,46300.59308,46300.84021,Terminada,Falla En ONT,Falla En Fuente De Poder,Cambio de Fuente de Poder
143390387,447128463,OS-66495287,39016527,Soporte,TIJUANA RIO D,OTAY,SOLUCIONIKA 3,SLKE3TIJT2197,Carlos Antonio Navarrete Polanco,46300.63517,46300.86992,Terminada,Corte de Fibra/ Preconectorizada / Sin Servicio,Poda de Arboles,Cambio de Trayectoria Acometida
123386312,447123061,OS-66494719,39015818,Soporte,TIJUANA RIO D,MAGISTERIAL,TETSI 3,TETE3TIJT2041,Justin Alejandro Alcantar Rojas,46300.62188,46300.84944,Terminada,Corte de Fibra/ Preconectorizada / Sin Servicio,"Mala Instalaci√≥n Unifibra (En Tensor, FO Ahorcada, Trayectoria)",Correccion de Anomalias en Acometida
143133095,447133308,OS-66495774,39017196,Soporte,TIJUANA RIO D,MAGISTERIAL,TETSI 3,TETE3TIJT2041,Justin Alejandro Alcantar Rojas,46300.64683,46300.90037,Terminada,Falla en Conectores,Falla Conector RJ45,Cambio Conector RJ45
108825342,446759837,OS-66439288,38968180,Soporte,TIJUANA RIO D,OTAY,ECO TELECOM 3,ECOE3TIJT2259,Cristo Guillermo Olac Cabezas,46298.74938,46300.49644,Terminada,Corte de Fibra/ Preconectorizada / Sin Servicio,Veh√≠culo con Exceso de Dimensiones,Reasignaci√≥n de Splitter 2N (Cambio de Acometida)
140220684,446924961,OS-66468235,38990190,Soporte,TIJUANA RIO D,PACIFICO,ECO TELECOM 3,ECOE3TIJT2256,Carlos Alberto Sanchez Orozco,46299.67446,46300.48605,Terminada,Corte de Fibra/ Preconectorizada / Sin Servicio,Vandalismo,Cambio de Acometida Unifibra
105917294,446998183,OS-66484495,39003074,Soporte,TIJUANA RIO D,CERRO COLORADO,ECO TELECOM 3,ECOM3NTET0147,Adriel Montalvo Perez,46300.38093,46300.48308,Terminada,Falla en Conectores,Falla Conector Prepulido,Cambio Conector Prepulido ONT
142409627,446527351,OS-66407900,38940280,Soporte,TIJUANA RIO D,AMPLIACION PATRIA NUEVA 1,ECO TELECOM 3,ECOE3TIJT4286,Luis Enrique Soto Nunez,46297.72039,46300.50551,Terminada,Falla En ONT,Problema De Ancho De Banda,Reaprovisionamiento ONT
141180014,447182664,OS-66500290,39022527,Soporte,TIJUANA RIO D,AMPLIACION FONTANA 2,SOLUCIONIKA 3,SLKE3TIJT2130,Alfredo Gomez Tapia,46300.7672,46301.46132,Terminada,Corte de Fibra/ Preconectorizada / Sin Servicio,Veh√≠culo con Exceso de Dimensiones,Cambio de Trayectoria Acometida
118644955,446925623,OS-66468292,38990263,Soporte,TIJUANA RIO D,PATRIA NUEVA,ECO TELECOM 3,ECOE3TIJT2217,Rogelio Alberto Aguirre Vazquez,46299.67693,46300.56931,Terminada,Falla En ONT,Falla En Puerto Telef√≥nico,Cambio ONT
107857964,446788583,OS-66441703,38970654,Soporte,TIJUANA RIO D,AMPLIACION MAGISTERIAL 1,TETSI 3,TETE3TIJT2050,Louis Ramos Cruz,46299.02844,46300.46351,Terminada,Falla en Conectores,Falla Conector Prepulido,Cambio Conector Prepulido Splitter
119260751,447177353,OS-66499757,39021985,Soporte,TIJUANA RIO D,AGUA CALIENTE,ECO TELECOM 3,ECOE3TIJT2326,Noel Dario Sanchez Montelongo,46300.74987,46301.44694,Terminada,Falla En ONT,"Da√±o F√≠sico (Descarga El√©ctrica, Insectos, Humedad, otro)",Cambio ONT
106626272,447003580,OS-66484899,39003575,Soporte,TIJUANA RIO D,AMPLIACION FONTANA 1,SOLUCIONIKA 3,SLKE3TIJT2211,Cesar Eduardo Soto Arriaga,46300.39274,46300.48424,Terminada,Falla En ONT,Falla Red Wifi ONT,Cambio ONT
101380707,447005778,OS-66485047,39003739,Soporte,TIJUANA RIO D,MATAMOROS,SOLUCIONIKA 3,SLKE3TIJT2130,Alfredo Gomez Tapia,46300.39619,46300.48471,Terminada,Falla en Conectores,Falla Conector Prepulido,Cambio Ambos Conectores Prepulidos
102651163,446910571,OS-66467001,38988697,Soporte,TIJUANA RIO D,AGUA CALIENTE,ECO TELECOM 3,ECOM3NTET0152,Salvador Gonzalez Martinez,46299.6238,46300.51059,Terminada,Falla en Wifi Extender,"Da√±o F√≠sico (Descarga El√©ctrica, Insectos, Humedad, otro)",Cambio Wifi Extender
140090462,446903846,OS-66462864,38987511,Soporte,TIJUANA RIO D,PATRIA NUEVA,ECO TELECOM 3,ECOE3TIJT2306,Jesus Salvador Valenzuela Valenzuela,46299.60292,46300.51758,Terminada,Falla En ONT,Falla Red Wifi ONT,Reaprovisionamiento ONT
142007650,446959551,OS-66471274,38993487,Soporte,TIJUANA RIO D,LOMAS DE VIRREY,SOLUCIONIKA 3,SLKE3TIJT4224,Jesus Alfonso Rosales Gonzalez,46299.8794,46300.49734,Terminada,Falla en Conectores,Falla Conector Prepulido,Cambio Conector Prepulido Splitter
142894667,446984091,OS-66483379,39001711,Soporte,TIJUANA RIO D,PATRIA NUEVA,ECO TELECOM 3,ECOE3TIJT2158,Jesus Simitrio Garcia Lopez,46300.34756,46301.45481,Terminada,Falla En ONT,Falla En Fuente De Poder,Cambio de Fuente de Poder
143839774,447025969,OS-66486782,39005804,Soporte,TIJUANA RIO D,AMPLIACION MAGISTERIAL 1,TETSI 3,TETE3TIJT2037,Jose Angel Salazar Gomez,46300.43532,46300.6019,Terminada,Corte de Fibra/ Preconectorizada / Sin Servicio,"Mala Instalaci√≥n Unifibra (En Tensor, FO Ahorcada, Trayectoria)",Correccion de Anomalias en Acometida
141858316,447058631,OS-66489283,39009022,Soporte,TIJUANA RIO D,PACIFICO,ECO TELECOM 3,ECOE3TIJT2259,Cristo Guillermo Olac Cabezas,46300.49256,46300.77179,Terminada,Falla En ONT,Falla En Puerto √ìptico,Limpieza de Puerto Optico
140816330,446986248,OS-66483561,39001935,Soporte,TIJUANA RIO D,MAGISTERIAL,TETSI 3,TETE3TIJT2041,Justin Alejandro Alcantar Rojas,46300.35399,46300.78741,Terminada,Corte de Fibra/ Preconectorizada / Sin Servicio,"Mala Instalaci√≥n Unifibra (En Tensor, FO Ahorcada, Trayectoria)",Reasignaci√≥n de Splitter 2N (Cambio de Acometida)
103195670,447111817,OS-66493676,39014533,Soporte,TIJUANA RIO D,MAGISTERIAL,TETSI 3,TETE3TIJT2048,Alan Ivan Puon Lopez,46300.59642,46300.76278,Terminada,Falla En ONT,ONT No Configurada (Sin Servicio),Reaprovisionamiento ONT
121391763,446992274,OS-66484014,39002524,Soporte,TIJUANA RIO D,ROSAS MAGALLON,JELTM ASESORES FISCALES SA DE CV 3,JELM3NTET0101,Marco Antonio Perez Abundiz,46300.36795,46301.4685,Terminada,Falla En ONT,Falla En Puerto √ìptico,Limpieza de Puerto Optico
141595153,446849686,OS-66459184,38983177,Soporte,TIJUANA RIO D,OTAY,TETSI 3,TETE3TIJT2040,Alejandro Hernandez Blanco,46299.47369,46300.78844,Terminada,Corte de Fibra/ Preconectorizada / Sin Servicio,"Mala Instalaci√≥n Unifibra (En Tensor, FO Ahorcada, Trayectoria)",Correccion de Anomalias en Acometida
108031773,447136363,OS-66496034,39017527,Soporte,TIJUANA RIO D,AMPLIACION FONTANA 2,SOLUCIONIKA 3,SLKE3TIJT2237,Hugo Alberto Ponce Virgen,46300.65314,46300.79103,Terminada,Corte de Fibra/ Preconectorizada / Sin Servicio,"Da√±o por trabajos de Otro Carrier (incluye Municipio, CFE, etc)",Cambio de Acometida Unifibra
143602887,446951576,OS-66470424,38992629,Soporte,TIJUANA RIO D,AMPLIACION MAGISTERIAL 1,JELTM ASESORES FISCALES SA DE CV 3,JELM3NTET0103,Eric Alberto Alvarez Cruz,46299.79787,46300.79184,Terminada,No Se Encontro Falla,Asesor√≠a uso servicio de Internet,Pruebas de ancho de banda
101451901,447125936,OS-66495016,39016194,Soporte,TIJUANA RIO D,PACIFICO,ECO TELECOM 3,ECOE3TIJT4305,Victor Manuel Cruz Escobar,46300.62906,46300.82278,Terminada,Corte de Fibra/ Preconectorizada / Sin Servicio,"Mala Instalaci√≥n Unifibra (En Tensor, FO Ahorcada, Trayectoria)",Correccion de Anomalias en Acometida
100724418,447078644,OS-66491012,39011153,Soporte,TIJUANA RIO D,ROSAS MAGALLON,ECO TELECOM 3,ECOE3TIJT2325,Oscar Montes Diaz,46300.53176,46300.74346,Terminada,Corte de Fibra/ Preconectorizada / Sin Servicio,"Da√±o por trabajos de Otro Carrier (incluye Municipio, CFE, etc)",Cambio de Acometida Unifibra
135717973,446797789,OS-66455701,38978983,Soporte,TIJUANA RIO D,TECATE,SOLUCIONIKA 3,SLKE3TIJT2283,Hector Cain Valles Medina,46299.31613,46300.65037,Terminada,Corte de Fibra/ Preconectorizada / Sin Servicio,Robo De Puerto,Reasignaci√≥n de Puerto en Mismo Splitter
103191955,447160555,OS-66498242,39020201,Soporte,TIJUANA RIO D,PATRIA NUEVA,ECO TELECOM 3,ECOE3TIJT4283,Rosalio Peralta Barrios,46300.70594,46301.43104,Terminada,Falla En ONT,Falla En Puerto √ìptico,Limpieza de Puerto Optico
143846628,446957454,OS-66471024,38993236,Soporte,TIJUANA RIO D,MATAMOROS,SOLUCIONIKA 3,SLKE3TIJT2211,Cesar Eduardo Soto Arriaga,46299.84898,46300.4363,Terminada,Hogar Seguro ,"Da√±o F√≠sico (Descarga El√©ctrica, Insectos, Humedad, otro)",Cambio Dispositivo
114662206,446873955,OS-66460964,38985240,Soporte,TIJUANA RIO D,MAGISTERIAL,JELTM ASESORES FISCALES SA DE CV 3,JELM3NTET0111,Jorge Rigoberto Calderon Conde,46299.53164,46300.44098,Terminada,Falla en Conectores,Falla Conector Prepulido,Cambio Conector Prepulido ONT
141797432,446785709,OS-66441610,38970561,Soporte,TIJUANA RIO D,COLINAS DEL FLORIDO,SOLUCIONIKA 3,SLKE3TIJT4230,Gustavo Contreras Benitez,46298.96818,46300.46347,Terminada,Corte de Fibra/ Preconectorizada / Sin Servicio,"Mala Instalaci√≥n Unifibra (En Tensor, FO Ahorcada, Trayectoria)",Cambio de Acometida Unifibra
104641818,447246483,OS-66516386,39033874,Soporte,TIJUANA RIO D,ROSAS MAGALLON,CRCE 3,CRCE3TIJT2035,Oscar Rafael Mendoza Santiago,46301.37345,46301.48539,Terminada,Falla En ONT,Falla En Fuente De Poder,Cambio de Fuente de Poder
109506252,447018063,OS-66486053,39004958,Soporte,TIJUANA RIO D,AMPLIACION MAGISTERIAL 1,TETSI 3,TETE3TIJT2040,Alejandro Hernandez Blanco,46300.42019,46300.88353,Terminada,Falla en Conectores,Falla Conector Prepulido,Cambio Conector Prepulido ONT
141477903,447013804,OS-66485762,39004588,Soporte,TIJUANA RIO D,MATAMOROS,SOLUCIONIKA 3,SLKE3TIJT2281,Axel Amadeo Ramirez Mendoza,46300.41302,46300.64451,Terminada,Falla En STB,Falla Puerto Ethernet,Cambio STB
123386312,446785049,OS-66441526,38970473,Soporte,TIJUANA RIO D,MAGISTERIAL,TETSI 3,TETE3TIJT2037,Jose Angel Salazar Gomez,46298.94226,46300.64918,Terminada,Corte de Fibra/ Preconectorizada / Sin Servicio,"Mala Instalaci√≥n Unifibra (En Tensor, FO Ahorcada, Trayectoria)",Correccion de Anomalias en Acometida
140150454,446947912,OS-66470137,38992328,Soporte,TIJUANA RIO D,DOS MIL,SOLUCIONIKA 3,SLKE3TIJT2237,Hugo Alberto Ponce Virgen,46299.7749,46300.45977,Terminada,Falla En ONT,Falla En Puerto √ìptico,Limpieza de Puerto Optico
200270939,447022961,OS-66486925,39006011,Empresarial,TIJUANA RIO D,PATRIA NUEVA,SOLUCIONIKA 3,SLKE3TIJT2211,Cesar Eduardo Soto Arriaga,46300.43928,46300.66806,Terminada,Hogar Seguro ,"Da√±o F√≠sico (Descarga El√©ctrica, Insectos, Humedad, otro)",Cambio Dispositivo
143848783,NA,OS-66483749,39002166,Instalaci√≥n,TIJUANA RIO D,FONTANA,SOLUCIONIKA 3,SLKE3TIJT2291,Damian Said Aguilar Dominguez,46300.35964,46300.47091,Terminada,NA,NA,NA
143848373,NA,OS-66469475,38991628,Instalaci√≥n,TIJUANA RIO D,FONTANA,SOLUCIONIKA 3,SLKE3TIJT2291,Damian Said Aguilar Dominguez,46299.73546,46300.58402,Terminada,NA,NA,NA
140671236,446957506,OS-66471022,38993232,Cambio De Domicilio,TIJUANA RIO D,MATAMOROS,SOLUCIONIKA 3,SLKE3TIJT2291,Damian Said Aguilar Dominguez,46299.8488,46300.79205,Terminada,NA,NA,NA
140961333,447066358,OS-66489979,39009865,Cambio De Domicilio,TIJUANA RIO D,MAGISTERIAL,TETSI 3,TETE3TIJT2041,Justin Alejandro Alcantar Rojas,46300.50748,46300.94267,Terminada,NA,NA,NA
119885131,446670128,OS-66431567,38959020,Cambio De Domicilio,TIJUANA RIO D,PATRIA NUEVA,ECO TELECOM 3,ECOE3TIJT2306,Jesus Salvador Valenzuela Valenzuela,46298.50913,46300.63372,Terminada,NA,NA,NA
143852941,NA,OS-66493842,39014723,Instalaci√≥n,TIJUANA RIO D,ROSAS MAGALLON,ECO TELECOM 3,ECOE3TIJT2262,Angel Moises Vargas Rosas,46300.60039,46300.80544,Terminada,NA,NA,NA
143851236,NA,OS-66489077,39008773,Instalaci√≥n,TIJUANA RIO D,PATRIA NUEVA,ECO TELECOM 3,ECOE3TIJT4288,Doney Ordorica Santero,46300.48784,46300.70943,Terminada,NA,NA,NA
143852938,NA,OS-66494605,39015663,Instalaci√≥n,TIJUANA RIO D,PACIFICO,ECO TELECOM 3,ECOM3NTET0119,Miguel Angel Jimenez Ascencio,46300.61848,46300.79079,Terminada,NA,NA,NA
143852997,NA,OS-66493557,39014383,Instalaci√≥n,TIJUANA RIO D,PATRIA NUEVA,ECO TELECOM 3,ECOE3TIJT2156,Jareb Noe Moran Cohetero,46300.594,46300.81477,Terminada,NA,NA,NA
143854485,NA,OS-66498276,39020231,Instalaci√≥n,TIJUANA RIO D,PATRIA NUEVA,ECO TELECOM 3,ECOE3TIJT2241,Luis Antonio Flores Torres,46300.70641,46300.87546,Terminada,NA,NA,NA
143855718,NA,OS-66502651,39024939,Instalaci√≥n,TIJUANA RIO D,PATRIA NUEVA,ECO TELECOM 3,ECOE3TIJT2156,Jareb Noe Moran Cohetero,46300.89858,46301.4856,Terminada,NA,NA,NA
143850948,NA,OS-66488859,39008518,Instalaci√≥n,TIJUANA RIO D,PATRIA NUEVA,ECO TELECOM 3,ECOE3TIJT2156,Jareb Noe Moran Cohetero,46300.48304,46300.62477,Terminada,NA,NA,NA
143851749,NA,OS-66490691,39010758,Instalaci√≥n,TIJUANA RIO D,PACIFICO,ECO TELECOM 3,ECOE3TIJT2326,Noel Dario Sanchez Montelongo,46300.523,46300.7174,Terminada,NA,NA,NA
143853251,NA,OS-66495691,39017092,Instalaci√≥n,TIJUANA RIO D,ROSAS MAGALLON,ECO TELECOM 3,ECOE3TIJT2326,Noel Dario Sanchez Montelongo,46300.64457,46300.83728,Terminada,NA,NA,NA
143850743,NA,OS-66487742,39007101,Instalaci√≥n,TIJUANA RIO D,PACIFICO,ECO TELECOM 3,ECOE3TIJT2325,Oscar Montes Diaz,46300.45841,46300.60663,Terminada,NA,NA,NA
143848137,NA,OS-66468665,38990705,Instalaci√≥n,TIJUANA RIO D,OTAY,ECO TELECOM 3,ECOE3TIJT4286,Luis Enrique Soto Nunez,46299.69454,46300.92486,Terminada,NA,NA,NA
143846843,NA,OS-66461448,38985825,Instalaci√≥n,TIJUANA RIO D,ROSAS MAGALLON,ECO TELECOM 3,ECOE3TIJT4286,Luis Enrique Soto Nunez,46299.5488,46300.7894,Terminada,NA,NA,NA
143846684,NA,OS-66461084,38985384,Instalaci√≥n,TIJUANA RIO D,OTAY,ECO TELECOM 3,ECOE3TIJT2259,Cristo Guillermo Olac Cabezas,46299.53597,46300.56546,Terminada,NA,NA,NA
200915435,1,NA,38991059,Hallazgo Empresarial,TIJUANA RIO D,ROSAS MAGALLON,ECO TELECOM 3,ECOE3TIJT2158,Jesus Simitrio Garcia Lopez,46299.709,46300.75389,Terminada,NA,NA,NA
200915446,1,NA,38990943,Hallazgo Empresarial,TIJUANA RIO D,OTAY,ECO TELECOM 3,ECOE3TIJT2158,Jesus Simitrio Garcia Lopez,46299.70399,46300.81106,Terminada,NA,NA,NA
Hallazgos,1,NA,39013087,Mantenimiento Menor,TIJUANA RIO D,MATAMOROS,ECO TELECOM 3,ECOE3TIJT2323,Jesus Miguel Flores Uribe,46300.56676,46300.72351,Terminada,NA,NA,NA
Hallazgos,1,NA,39008936,Mantenimiento Mayor,TIJUANA RIO D,MATAMOROS,ECO TELECOM 3,ECOE3TIJT2252,Bryan Jair Arriaga Nandi,46300.49069,46300.57846,Terminada,NA,NA,NA
Hallazgos,1,NA,39008956,Mantenimiento Menor,TIJUANA RIO D,MATAMOROS,ECO TELECOM 3,ECOE3TIJT2323,Jesus Miguel Flores Uribe,46300.49098,46300.60646,Terminada,NA,NA,NA
Hallazgos,1,NA,39008989,Mantenimiento Menor,TIJUANA RIO D,MATAMOROS,ECO TELECOM 3,ECOM3NTET0149,Christian Israel Rosado Espinosa,46300.49168,46300.63462,Terminada,NA,NA,NA
Hallazgos,1,NA,39012965,Mantenimiento Menor,TIJUANA RIO D,MATAMOROS,ECO TELECOM 3,ECOE3TIJT2252,Bryan Jair Arriaga Nandi,46300.56486,46300.67487,Terminada,NA,NA,NA
Hallazgos,1,NA,39014439,Mantenimiento Menor,TIJUANA RIO D,MATAMOROS,ECO TELECOM 3,ECOM3NTET0149,Christian Israel Rosado Espinosa,46300.59501,46300.80144,Terminada,NA,NA,NA
Hallazgos,1,NA,39013487,Mantenimiento Menor,TIJUANA RIO D,PACIFICO,ECO TELECOM 3,ECOMTTIJT1021,Luis Ivan Jimenez Mendoza,46300.5748,46300.6997,Terminada,NA,NA,NA
Hallazgos,1,NA,39003207,Mantenimiento Menor,TIJUANA RIO D,PACIFICO,ECO TELECOM 3,ECOMTTIJT1020,Aurora Soledad Nu√±o Orozco,46300.38421,46300.59713,Terminada,NA,NA,NA
Hallazgos,1,NA,39003731,Mantenimiento Menor,TIJUANA RIO D,PACIFICO,ECO TELECOM 3,ECOMTTIJT1028,Eder Fernando Valenzuela Almodovar,46300.39594,46300.55324,Terminada,NA,NA,NA
Hallazgos,1,NA,39015063,Mantenimiento Menor,TIJUANA RIO D,PACIFICO,ECO TELECOM 3,ECOMTTIJT1022,Jose Guadalupe Reyes Raymundo,46300.60622,46300.72766,Terminada,NA,NA,NA
Hallazgos,1,NA,39003740,Mantenimiento Menor,TIJUANA RIO D,PACIFICO,ECO TELECOM 3,ECOMTTIJT1022,Jose Guadalupe Reyes Raymundo,46300.3962,46300.54287,Terminada,NA,NA,NA
Hallazgos,1,NA,39019102,Mantenimiento Menor,TIJUANA RIO D,PACIFICO,ECO TELECOM 3,ECOMTTIJT1023,Oscar Ubaldo Ramos Ramos,46300.68367,46300.78464,Terminada,NA,NA,NA
Hallazgos,1,NA,39003192,Mantenimiento Menor,TIJUANA RIO D,PACIFICO,ECO TELECOM 3,ECOMTTIJT1019,Victor Elian Ramirez Velazquez,46300.38382,46300.61095,Terminada,NA,NA,NA
Hallazgos,1,NA,39019640,Mantenimiento Menor,TIJUANA RIO D,PACIFICO,ECO TELECOM 3,ECOMTTIJT1028,Eder Fernando Valenzuela Almodovar,46300.69469,46300.76814,Terminada,NA,NA,NA
Hallazgos,1,NA,39019860,Mantenimiento Mayor,TIJUANA RIO D,PACIFICO,ECO TELECOM 3,ECOMTTIJT1020,Aurora Soledad Nu√±o Orozco,46300.69902,46300.76736,Terminada,NA,NA,NA
Hallazgos,1,NA,39003202,Mantenimiento Mayor,TIJUANA RIO D,PACIFICO,ECO TELECOM 3,ECOMTTIJT1023,Oscar Ubaldo Ramos Ramos,46300.38402,46300.54064,Terminada,NA,NA,NA
Hallazgos,1,NA,39020244,Mantenimiento Menor,TIJUANA RIO D,PACIFICO,ECO TELECOM 3,ECOMTTIJT1019,Victor Elian Ramirez Velazquez,46300.70682,46300.76523,Terminada,NA,NA,NA
Hallazgos,1,NA,39003185,Mantenimiento Menor,TIJUANA RIO D,PACIFICO,ECO TELECOM 3,ECOMTTIJT1021,Luis Ivan Jimenez Mendoza,46300.38356,46300.52147,Terminada,NA,NA,NA
Hallazgos,1,NA,39019607,Mantenimiento Menor,TIJUANA RIO D,PACIFICO,ECO TELECOM 3,ECOMTTIJT1022,Jose Guadalupe Reyes Raymundo,46300.69407,46300.77397,Terminada,NA,NA,NA
Hallazgos,1,NA,39017474,Mantenimiento Mayor,TIJUANA RIO D,PACIFICO,ECO TELECOM 3,ECOMTTIJT1028,Eder Fernando Valenzuela Almodovar,46300.65204,46300.73251,Terminada,NA,NA,NA
Hallazgos,1,NA,39013504,Mantenimiento Menor,TIJUANA RIO D,PACIFICO,ECO TELECOM 3,ECOMTTIJT1020,Aurora Soledad Nu√±o Orozco,46300.57514,46300.62528,Terminada,NA,NA,NA
Hallazgos,1,NA,39013513,Mantenimiento Menor,TIJUANA RIO D,PACIFICO,ECO TELECOM 3,ECOMTTIJT1019,Victor Elian Ramirez Velazquez,46300.57535,46300.6701,Terminada,NA,NA,NA
Hallazgos,1,NA,39017985,Mantenimiento Menor,TIJUANA RIO D,PACIFICO,ECO TELECOM 3,ECOMTTIJT1021,Luis Ivan Jimenez Mendoza,46300.66303,46300.75047,Terminada,NA,NA,NA
Hallazgos,1,NA,39009892,Mantenimiento Menor,TIJUANA RIO D,PACIFICO,ECO TELECOM 3,ECOMTTIJT1021,Luis Ivan Jimenez Mendoza,46300.50784,46300.59282,Terminada,NA,NA,NA
Hallazgos,1,NA,39014192,Mantenimiento Menor,TIJUANA RIO D,PACIFICO,ECO TELECOM 3,ECOMTTIJT1020,Aurora Soledad Nu√±o Orozco,46300.59024,46300.73884,Terminada,NA,NA,NA
Hallazgos,1,NA,39017447,Mantenimiento Mayor,TIJUANA RIO D,PACIFICO,ECO TELECOM 3,ECOMTTIJT1019,Victor Elian Ramirez Velazquez,46300.65149,46300.74236,Terminada,NA,NA,NA
Hallazgos,1,NA,39016111,Mantenimiento Menor,TIJUANA RIO D,PACIFICO,ECO TELECOM 3,ECOMTTIJT1023,Oscar Ubaldo Ramos Ramos,46300.62758,46300.78593,Terminada,NA,NA,NA
Hallazgos,1,NA,39010150,Mantenimiento Mayor,TIJUANA RIO D,PACIFICO,ECO TELECOM 3,ECOMTTIJT1023,Oscar Ubaldo Ramos Ramos,46300.51199,46300.59383,Terminada,NA,NA,NA
Hallazgos,1,NA,39010616,Mantenimiento Menor,TIJUANA RIO D,PACIFICO,ECO TELECOM 3,ECOMTTIJT1028,Eder Fernando Valenzuela Almodovar,46300.52019,46300.64142,Terminada,NA,NA,NA
Hallazgos,1,NA,39010139,Mantenimiento Menor,TIJUANA RIO D,PACIFICO,ECO TELECOM 3,ECOMTTIJT1022,Jose Guadalupe Reyes Raymundo,46300.51168,46300.64361,Terminada,NA,NA,NA
Hallazgos,1,NA,39011988,Mantenimiento Mayor,TIJUANA RIO D,PATRIA NUEVA,ITAI 3,ITAMTTIJT1002,Jesus Suastegui Tenorio,46300.54693,46300.69972,Terminada,NA,NA,NA
Hallazgos,1,NA,39011948,Mantenimiento Mayor,TIJUANA RIO D,PATRIA NUEVA,ITAI 3,ITAMTTIJT1008,Gehovanni Nava Morales,46300.54606,46300.70897,Terminada,NA,NA,NA
Hallazgos,1,NA,39002443,Mantenimiento Mayor,TIJUANA RIO D,PATRIA NUEVA,ITAI 3,ITAMTTIJT1008,Gehovanni Nava Morales,46300.36556,46300.54438,Terminada,NA,NA,NA
Hallazgos,1,NA,39002461,Mantenimiento Mayor,TIJUANA RIO D,PATRIA NUEVA,ITAI 3,ITAMTTIJT1002,Jesus Suastegui Tenorio,46300.36596,46300.53716,Terminada,NA,NA,NA
102160466,446983632,OS-66483346,39001653,Cambio De Domicilio,TIJUANA RIO D,AMPLIACION PATRIA NUEVA 1,ECO TELECOM 3,ECOE3TIJT2259,Cristo Guillermo Olac Cabezas,46300.34624,46300.64244,Terminada,NA,NA,NA
143832407,446303811,OS-66378593,38913722,Addons,TIJUANA RIO D,CERRO COLORADO,ECO TELECOM 3,ECOR3TIJT1000,Armando Reyes Hernandez,46296.82866,46300.57271,Terminada,NA,NA,NA
140473997,446215304,OS-66372101,38906019,Recolecci√≥n Pi,TIJUANA RIO D,CERRO COLORADO,ECO TELECOM 3,ECOE3TIJT2326,Noel Dario Sanchez Montelongo,46296.60892,46300.57949,Terminada,NA,NA,NA
105138009,446536851,OS-66408871,38941424,Cambio De Domicilio,TIJUANA RIO D,MAGISTERIAL,ECO TELECOM 3,ECOE3TIJT2241,Luis Antonio Flores Torres,46297.75072,46300.64725,Terminada,NA,NA,NA
200915400,1,NA,38991003,Hallazgo Empresarial,TIJUANA RIO D,PACIFICO,ECO TELECOM 3,ECOE3TIJT2158,Jesus Simitrio Garcia Lopez,46299.70652,46300.51664,Terminada,NA,NA,NA
142635484,446776456,OS-66440606,38969544,Cambio De Domicilio,TIJUANA RIO D,PACIFICO,ECO TELECOM 3,ECOM3NTET0119,Miguel Angel Jimenez Ascencio,46298.83341,46300.66262,Terminada,NA,NA,NA
129905689,446501615,OS-66406147,38937998,Recolecci√≥n Pi,TIJUANA RIO D,PACIFICO,ECO TELECOM 3,ECOR3TIJT1000,Armando Reyes Hernandez,46297.66867,46300.66887,Terminada,NA,NA,NA
102226252,446740912,OS-66437683,38966370,Addon Wifi Extender,TIJUANA RIO D,PACIFICO,ECO TELECOM 3,ECOR3TIJT1000,Armando Reyes Hernandez,46298.68352,46300.76363,Terminada,NA,NA,NA
104478192,446940185,OS-66469438,38991586,Soporte,TIJUANA RIO D,PACIFICO,JELTM ASESORES FISCALES SA DE CV 3,JELM3NTET0102,Francisco Javier Lozano Palacios,46299.73301,46300.81843,Terminada,NA,NA,NA
106168038,447010130,OS-66485380,39004122,Addons,TIJUANA RIO D,PACIFICO,ECO TELECOM 3,ECOE3TIJT4270,Jonathan Rigoberto Rodriguez Ramirez,46300.40422,46300.59448,Terminada,NA,NA,NA
140503543,446853309,OS-66459700,38983771,Cambio De Domicilio,TIJUANA RIO D,PATRIA NUEVA,ECO TELECOM 3,ECOE3TIJT4286,Luis Enrique Soto Nunez,46299.4903,46300.64488,Terminada,NA,NA,NA
117493474,446226116,OS-66372877,38906967,Recolecci√≥n Pi,TIJUANA RIO D,ROSAS MAGALLON,ECO TELECOM 3,ECOR3TIJT1000,Armando Reyes Hernandez,46296.63236,46300.44329,Terminada,NA,NA,NA
142390668,446948149,OS-66470154,38992345,Cambio De Domicilio,TIJUANA RIO D,ROSAS MAGALLON,ECO TELECOM 3,ECOE3TIJT2299,Jesus Guadalupe Ochoa Morga,46299.77625,46300.74668,Terminada,NA,NA,NA
114763305,446848279,OS-66459067,38983038,Addons,TIJUANA RIO D,ROSAS MAGALLON,ECO TELECOM 3,ECOR3TIJT1000,Armando Reyes Hernandez,46299.47063,46300.81837,Terminada,NA,NA,NA
143851549,NA,OS-66492698,39013310,Instalaci√≥n,TIJUANA RIO D,PACIFICO,ECO TELECOM 3,ECOE3TIJT2160,Israel Cruz Hernandez,46300.57156,46300.74272,Terminada,NA,NA,NA
143853263,NA,OS-66494696,39015787,Instalaci√≥n,TIJUANA RIO D,AMPLIACION PATRIA NUEVA 1,ECO TELECOM 3,ECOE3TIJT2160,Israel Cruz Hernandez,46300.62109,46300.82119,Terminada,NA,NA,NA
143848109,NA,OS-66468570,38990583,Instalaci√≥n,TIJUANA RIO D,ROSAS MAGALLON,ECO TELECOM 3,ECOE3TIJT2160,Israel Cruz Hernandez,46299.68939,46300.513,Terminada,NA,NA,NA
141291428,447016633,OS-66485929,39004789,Cambio De Domicilio,TIJUANA RIO D,PACIFICO,ECO TELECOM 3,ECOE3TIJT2160,Israel Cruz Hernandez,46300.417,46300.61715,Terminada,NA,NA,NA
Hallazgos,1,NA,39011974,Mantenimiento Mayor,TIJUANA RIO D,PATRIA NUEVA,ITAI 3,ITAMTTIJT1018,Victor Saul Fonseca Molina,46300.54659,46300.69559,Terminada,NA,NA,NA
Hallazgos,1,NA,39002407,Mantenimiento Mayor,TIJUANA RIO D,PATRIA NUEVA,ITAI 3,ITAMTTIJT1018,Victor Saul Fonseca Molina,46300.365,46300.54398,Terminada,NA,NA,NA
143844379,NA,OS-66440361,38969296,Instalaci√≥n,TIJUANA RIO D,DOS MIL,SOLUCIONIKA 3,SLKE3TIJT2255,Marcos Fabian Roblero Garcia,46298.814,46300.51789,Terminada,NA,NA,NA
143849784,NA,OS-66484800,39003446,Instalaci√≥n,TIJUANA RIO D,DOS MIL_A,SOLUCIONIKA 3,SLKE3TIJT2255,Marcos Fabian Roblero Garcia,46300.38994,46300.71784,Terminada,NA,NA,NA
116727208,447050984,OS-66488849,39008508,Cambio De Domicilio,TIJUANA RIO D,DOS MIL,SOLUCIONIKA 3,SLKE3TIJT2255,Marcos Fabian Roblero Garcia,46300.48287,46300.62709,Terminada,NA,NA,NA
110472063,445920538,OS-66338128,38874175,Recolecci√≥n Pi,TIJUANA RIO D,AMPLIACION PATRIA NUEVA 1,TETSI 3,TETR3TIJT0101,Moises Martinez Bustos,46295.55988,46300.46877,Terminada,NA,NA,NA
140762291,447063040,OS-66489727,39009554,Recolecci√≥n Pi,TIJUANA RIO D,MAGISTERIAL,TETSI 3,TETR3TIJT0101,Moises Martinez Bustos,46300.50175,46301.43289,Terminada,NA,NA,NA
102307825,446724648,OS-66436232,38964596,Recolecci√≥n Pi,TIJUANA RIO D,OTAY,TETSI 3,TETR3TIJT0101,Moises Martinez Bustos,46298.63409,46300.54954,Terminada,NA,NA,NA
124579937,446692083,OS-66433351,38961178,Recolecci√≥n Pi,TIJUANA RIO D,OTAY,TETSI 3,TETR3TIJT0101,Moises Martinez Bustos,46298.55122,46300.56596,Terminada,NA,NA,NA
143302318,446728695,OS-66436576,38965019,Recolecci√≥n Pi,TIJUANA RIO D,OTAY,TETSI 3,TETR3TIJT0101,Moises Martinez Bustos,46298.64569,46300.68563,Terminada,NA,NA,NA
133612806,446548022,OS-66410065,38942714,Recolecci√≥n Pi,TIJUANA RIO D,OTAY,TETSI 3,TETR3TIJT0101,Moises Martinez Bustos,46297.80078,46300.5031,Terminada,NA,NA,NA
142473235,446987662,OS-66483638,39002027,Recolecci√≥n Pi,TIJUANA RIO D,PATRIA NUEVA,TETSI 3,TETR3TIJT0101,Moises Martinez Bustos,46300.35635,46300.72256,Terminada,NA,NA,NA
106393109,446728887,OS-66436602,38965050,Recolecci√≥n Pi,TIJUANA RIO D,PATRIA NUEVA,TETSI 3,TETR3TIJT0101,Moises Martinez Bustos,46298.64628,46300.62558,Terminada,NA,NA,NA
103955984,446555459,OS-66410842,38943524,Recolecci√≥n Pi,TIJUANA RIO D,PATRIA NUEVA,TETSI 3,TETR3TIJT0101,Moises Martinez Bustos,46297.85132,46300.47994,Terminada,NA,NA,NA
105165952,446759828,OS-66439527,38968429,Recolecci√≥n Pi,TIJUANA RIO D,PATRIA NUEVA,TETSI 3,TETR3TIJT0101,Moises Martinez Bustos,46298.76086,46300.65696,Terminada,NA,NA,NA
103413553,447105371,OS-66493192,39013934,Recolecci√≥n Pi,TIJUANA RIO D,PATRIA NUEVA,TETSI 3,TETR3TIJT0101,Moises Martinez Bustos,46300.58458,46301.49397,Terminada,NA,NA,NA
143852618,NA,OS-66495835,39017267,Instalaci√≥n,TIJUANA RIO D,MAGISTERIAL,TETSI 3,TETE3TIJT2038,Jose Carlos Blanco Bringas,46300.64765,46301.48834,Terminada,NA,NA,NA
143849416,NA,OS-66484124,39002642,Instalaci√≥n,TIJUANA RIO D,DOS MIL,SOLUCIONIKA 3,SLKE3TIJT2286,Jesus Ernesto Osuna Valdez,46300.37097,46300.56666,Terminada,NA,NA,NA
127777878,446844546,OS-66458828,38982757,Recolecci√≥n Pi,TIJUANA RIO D,COLINAS DEL FLORIDO,SOLUCIONIKA 3,SLKE3TIJT2286,Jesus Ernesto Osuna Valdez,46299.46317,46300.69169,Terminada,NA,NA,NA
132375147,447090489,OS-66491957,39012376,Cambio De Domicilio,TIJUANA RIO D,DOS MIL,SOLUCIONIKA 3,SLKE3TIJT2286,Jesus Ernesto Osuna Valdez,46300.55341,46300.87811,Terminada,NA,NA,NA
143854156,NA,OS-66496864,39018561,Instalaci√≥n,TIJUANA RIO D,PATRIA NUEVA,SOLUCIONIKA 3,SLKE3TIJT2241,Norman Aldair Beltran Ceja,46300.67356,46301.47854,Terminada,NA,NA,NA
Hallazgos,1,NA,39012976,Mantenimiento Menor,TIJUANA RIO D,DOS MIL,SOLUCIONIKA 3,SLKE3TIJT2241,Norman Aldair Beltran Ceja,46300.56514,46300.61495,Terminada,NA,NA,NA
Hallazgos,1,NA,39011824,Mantenimiento Menor,TIJUANA RIO D,DOS MIL,SOLUCIONIKA 3,SLKE3TIJT2241,Norman Aldair Beltran Ceja,46300.54387,46300.61035,Terminada,NA,NA,NA
143853414,NA,OS-66494779,39015892,Instalaci√≥n,TIJUANA RIO D,AMPLIACION FONTANA 2,SOLUCIONIKA 3,SLKE3TIJT2307,Damian Perez Martinez,46300.62355,46300.80604,Terminada,NA,NA,NA
143835598,446592498,OS-66426475,38952777,Addons,TIJUANA RIO D,COLINAS DEL FLORIDO,SOLUCIONIKA 3,SLKE3TIJT2307,Damian Perez Martinez,46298.35229,46300.57838,Terminada,NA,NA,NA
141912435,447181947,OS-66500210,39022450,Cambio De Domicilio,TIJUANA RIO D,FONTANA,SOLUCIONIKA 3,SLKE3TIJT2307,Damian Perez Martinez,46300.76429,46301.50035,Terminada,NA,NA,NA
143845022,NA,OS-66458098,39020180,Instalaci√≥n,TIJUANA RIO D,TECATE,SOLUCIONIKA 3,SLKE3TIJT2303,Andres De Jesus Rosado Espinosa,46300.70532,46300.85565,Terminada,NA,NA,NA
143835598,447087850,OS-66491784,39012137,Addons,TIJUANA RIO D,COLINAS DEL FLORIDO,SOLUCIONIKA 3,SLKE3TIJT2303,Andres De Jesus Rosado Espinosa,46300.54913,46300.69609,Terminada,NA,NA,NA
111008246,446675913,OS-66431995,38959539,Cambio De Equipo,TIJUANA RIO D,COLINAS DEL FLORIDO,SOLUCIONIKA 3,SLKE3TIJT2303,Andres De Jesus Rosado Espinosa,46298.51837,46300.48194,Terminada,NA,NA,NA
143852090,NA,OS-66491653,39011957,Instalaci√≥n,TIJUANA RIO D,TECATE,SOLUCIONIKA 3,SLKE3TIJT2283,Hector Cain Valles Medina,46300.54623,46300.74153,Terminada,NA,NA,NA
143850583,NA,OS-66490480,39010509,Instalaci√≥n,TIJUANA RIO D,AMPLIACION DOS MIL 1,SOLUCIONIKA 3,SLKE3TIJT2245,Ever Marroquin Velazquez,46300.5181,46300.65427,Terminada,NA,NA,NA
143848999,NA,OS-66471691,38993902,Instalaci√≥n,TIJUANA RIO D,VILLA DEL CAMPO,SOLUCIONIKA 3,SLKE3TIJT2234,Erik Belisario Ferrer Cruz,46299.96362,46300.50755,Terminada,NA,NA,NA
143847810,NA,OS-66468594,38990613,Instalaci√≥n,TIJUANA RIO D,DOS MIL,SOLUCIONIKA 3,SLKE3TIJT4208,Jonathan Marcelino Tadeo Wandestran,46299.69035,46300.47034,Terminada,NA,NA,NA
143828497,NA,OS-66366382,39013454,Instalaci√≥n,TIJUANA RIO D,TECATE_3_A,SOLUCIONIKA 3,SLKE3TIJT2167,Oscar Anibal Bernal Garcia,46300.574,46300.89316,Terminada,NA,NA,NA
143849532,NA,OS-66489214,39008953,Instalaci√≥n,TIJUANA RIO D,VILLA DEL CAMPO_A,SOLUCIONIKA 3,SLKE3TIJT2167,Oscar Anibal Bernal Garcia,46300.49094,46300.62124,Terminada,NA,NA,NA
143843766,NA,OS-66438833,38967679,Instalaci√≥n,TIJUANA RIO D,OTAY,SOLUCIONIKA 3,SLKE3TIJT2130,Alfredo Gomez Tapia,46298.72909,46300.62392,Terminada,NA,NA,NA
143852580,NA,OS-66492722,39013344,Instalaci√≥n,TIJUANA RIO D,PATRIA NUEVA,SOLUCIONIKA 3,SLKE3TIJT2130,Alfredo Gomez Tapia,46300.57214,46300.68632,Terminada,NA,NA,NA
143823612,NA,OS-66335952,39005133,Instalaci√≥n,TIJUANA RIO D,VILLA DEL CAMPO,SOLUCIONIKA 3,SLKE3TIJT4134,Pablo Israel Cortes Carrillo,46300.42343,46300.56506,Terminada,NA,NA,NA
143854016,NA,OS-66497041,39018783,Instalaci√≥n,TIJUANA RIO D,DOS MIL,SOLUCIONIKA 3,SLKE3TIJT2234,Erik Belisario Ferrer Cruz,46300.67815,46300.85601,Terminada,NA,NA,NA
143851436,NA,OS-66494839,39015968,Instalaci√≥n,TIJUANA RIO D,MATAMOROS,SOLUCIONIKA 3,SLKE3TIJT2207,Alfonso Josehp Fuentes Herrera,46300.62498,46300.81228,Terminada,NA,NA,NA
143848479,NA,OS-66489839,39009686,Instalaci√≥n,TIJUANA RIO D,TECATE,SOLUCIONIKA 3,SLKE3TIJT2308,Jorge Alberto Velazquez Bautista,46300.50404,46300.8815,Terminada,NA,NA,NA
143852234,NA,OS-66492065,39012519,Instalaci√≥n,TIJUANA RIO D,TECATE,SOLUCIONIKA 3,SLKE3TIJT2309,Jesus Rafael Lugo Alvarez,46300.55618,46300.83044,Terminada,NA,NA,NA
143851147,NA,OS-66489120,39008825,Instalaci√≥n,TIJUANA RIO D,DOS MIL,SOLUCIONIKA 3,SLKE3TIJT2309,Jesus Rafael Lugo Alvarez,46300.48892,46300.6474,Terminada,NA,NA,NA
143848862,NA,OS-66471155,38993366,Instalaci√≥n,TIJUANA RIO D,FONTANA,SOLUCIONIKA 3,SLKE3TIJT2258,Sebastian Limon Carmona,46299.86417,46300.46727,Terminada,NA,NA,NA
143849727,NA,OS-66490494,39010520,Instalaci√≥n,TIJUANA RIO D,MATAMOROS,SOLUCIONIKA 3,SLKE3TIJT2258,Sebastian Limon Carmona,46300.51836,46300.71253,Terminada,NA,NA,NA
143853953,NA,OS-66496922,39018630,Instalaci√≥n,TIJUANA RIO D,MATAMOROS,SOLUCIONIKA 3,SLKE3TIJT2258,Sebastian Limon Carmona,46300.67506,46300.83179,Terminada,NA,NA,NA
143850510,NA,OS-66487457,39006718,Instalaci√≥n,TIJUANA RIO D,DOS MIL,SOLUCIONIKA 3,SLKE3TIJT4134,Pablo Israel Cortes Carrillo,46300.45279,46300.81833,Terminada,NA,NA,NA
143852029,NA,OS-66491715,39034394,Instalaci√≥n,TIJUANA RIO D,FONTANA,SOLUCIONIKA 3,SLKE3TIJT2207,Alfonso Josehp Fuentes Herrera,46301.38519,46301.4677,Terminada,NA,NA,NA
143849271,NA,OS-66483087,39001249,Instalaci√≥n,TIJUANA RIO D,DOS MIL,SOLUCIONIKA 3,SLKE3TIJT2207,Alfonso Josehp Fuentes Herrera,46300.33628,46300.47826,Terminada,NA,NA,NA
143851258,NA,OS-66490603,39010649,Instalaci√≥n,TIJUANA RIO D,FONTANA,SOLUCIONIKA 3,SLKE3TIJT2237,Hugo Alberto Ponce Virgen,46300.52086,46300.65626,Terminada,NA,NA,NA
143849503,NA,OS-66483867,39002315,Instalaci√≥n,TIJUANA RIO D,FONTANA,SOLUCIONIKA 3,SLKE3TIJT4210,Jose Elian Montane Casas,46300.36275,46300.67479,Terminada,NA,NA,NA
143855676,NA,OS-66502567,39024851,Instalaci√≥n,TIJUANA RIO D,VILLA DEL CAMPO,SOLUCIONIKA 3,SLKE3TIJT2283,Hector Cain Valles Medina,46300.89104,46301.49764,Terminada,NA,NA,NA
143850512,NA,OS-66487304,39006511,Instalaci√≥n,TIJUANA RIO D,MATAMOROS,SOLUCIONIKA 3,SLKE3TIJT4217,Javier Jimenez Abarca,46300.4487,46300.75837,Terminada,NA,NA,NA
143848385,NA,OS-66469706,38991894,Instalaci√≥n,TIJUANA RIO D,TECATE,SOLUCIONIKA 3,SLKE3TIJT2283,Hector Cain Valles Medina,46299.7486,46300.52275,Terminada,NA,NA,NA
143851277,NA,OS-66490243,39010218,Instalaci√≥n,TIJUANA RIO D,AMPLIACION FONTANA 1,SOLUCIONIKA 3,SLKE3TIJT4134,Pablo Israel Cortes Carrillo,46300.51311,46300.73471,Terminada,NA,NA,NA
143843030,NA,OS-66437107,39013122,Instalaci√≥n,TIJUANA RIO D,MAGISTERIAL,TETSI 3,TETE3TIJT2045,Diego Imanol Arellano Perez,46300.56748,46300.69354,Terminada,NA,NA,NA
Hallazgos,1,NA,39007691,Mantenimiento Menor,TIJUANA RIO D,DOS MIL,SOLUCIONIKA 3,SLKE3TIJT2308,Jorge Alberto Velazquez Bautista,46300.46834,46300.64221,Terminada,NA,NA,NA
Hallazgos,1,NA,39007681,Mantenimiento Menor,TIJUANA RIO D,DOS MIL,SOLUCIONIKA 3,SLKE3TIJT2308,Jorge Alberto Velazquez Bautista,46300.46819,46300.62184,Terminada,NA,NA,NA
Hallazgos,1,NA,39017495,Mantenimiento Mayor,TIJUANA RIO D,MATAMOROS,SOLUCIONIKA 3,SLKMTTIJT0100,Diego Arturo Mendoza Dominguez,46300.65244,46300.70485,Terminada,NA,NA,NA
Hallazgos,1,NA,39005563,Mantenimiento Menor,TIJUANA RIO D,MATAMOROS,SOLUCIONIKA 3,SLKMTTIJT0100,Diego Arturo Mendoza Dominguez,46300.4308,46300.49938,Terminada,NA,NA,NA
Hallazgos,1,NA,39009876,Mantenimiento Mayor,TIJUANA RIO D,MATAMOROS,SOLUCIONIKA 3,SLKMTTIJT0100,Diego Arturo Mendoza Dominguez,46300.50764,46300.5702,Terminada,NA,NA,NA
Hallazgos,1,NA,39017410,Mantenimiento Menor,TIJUANA RIO D,MATAMOROS,SOLUCIONIKA 3,SLKMTTIJT0100,Diego Arturo Mendoza Dominguez,46300.65093,46300.69588,Terminada,NA,NA,NA
Hallazgos,1,NA,39017643,Mantenimiento Menor,TIJUANA RIO D,OTAY,SOLUCIONIKA 3,SLKE3TIJT4210,Jose Elian Montane Casas,46300.65597,46300.74263,Terminada,NA,NA,NA
Hallazgos,1,NA,39017680,Mantenimiento Menor,TIJUANA RIO D,OTAY,SOLUCIONIKA 3,SLKE3TIJT4210,Jose Elian Montane Casas,46300.65678,46300.78509,Terminada,NA,NA,NA
143226770,446253372,OS-66374942,38909504,Cambio De Plan,TIJUANA RIO D,COLINAS DEL FLORIDO,SOLUCIONIKA 3,SLKE3TIJT2234,Erik Belisario Ferrer Cruz,46296.69262,46300.56927,Terminada,NA,NA,NA
143837213,447027938,OS-66486944,39006033,Recolecci√≥n Pi,TIJUANA RIO D,COLINAS DEL FLORIDO,SOLUCIONIKA 3,SLKE3TIJT2234,Erik Belisario Ferrer Cruz,46300.43965,46300.60889,Terminada,NA,NA,NA
140572214,446918789,OS-66467685,38989528,Recolecci√≥n Pi,TIJUANA RIO D,COLINAS DEL FLORIDO,SOLUCIONIKA 3,SLKE3TIJT2234,Erik Belisario Ferrer Cruz,46299.65301,46300.58927,Terminada,NA,NA,NA
105347125,447090979,OS-66492031,39012475,Addon Wifi Extender,TIJUANA RIO D,DOS MIL,SOLUCIONIKA 3,SLKE3TIJT4208,Jonathan Marcelino Tadeo Wandestran,46300.55519,46300.80156,Terminada,NA,NA,NA
105347125,447085188,OS-66492051,39012504,Addons,TIJUANA RIO D,DOS MIL,SOLUCIONIKA 3,SLKE3TIJT4208,Jonathan Marcelino Tadeo Wandestran,46300.5558,46300.79853,Terminada,NA,NA,NA
104909761,446385138,OS-66397205,38926448,Cambio De Equipo,TIJUANA RIO D,DOS MIL,SOLUCIONIKA 3,SLKE3TIJT2245,Ever Marroquin Velazquez,46297.42856,46300.78119,Terminada,NA,NA,NA
102673755,446849466,OS-66459211,38983205,Recolecci√≥n Pi,TIJUANA RIO D,DOS MIL,SOLUCIONIKA 3,SLKE3TIJT2167,Oscar Anibal Bernal Garcia,46299.47419,46300.48003,Terminada,NA,NA,NA
105083988,446819567,OS-66456987,38980524,Addons,TIJUANA RIO D,MATAMOROS,SOLUCIONIKA 3,SLKE3TIJT2245,Ever Marroquin Velazquez,46299.39464,46300.56653,Terminada,NA,NA,NA
140461842,446875395,OS-66461048,38985338,Cambio De Domicilio,TIJUANA RIO D,MATAMOROS,SOLUCIONIKA 3,SLKE3TIJT2281,Axel Amadeo Ramirez Mendoza,46299.53457,46300.73435,Terminada,NA,NA,NA
142916439,447062454,OS-66489625,39009434,Cambio De Domicilio,TIJUANA RIO D,MATAMOROS,SOLUCIONIKA 3,SLKE3TIJT4215,Marcelino Rodriguez Cruz,46300.4995,46300.6817,Terminada,NA,NA,NA
132078903,446717720,OS-66435586,38963850,Cambio De Domicilio,TIJUANA RIO D,PATRIA NUEVA,SOLUCIONIKA 3,SLKE3TIJT4210,Jose Elian Montane Casas,46298.61582,46300.90519,Terminada,NA,NA,NA
141969924,446402710,OS-66398641,38928224,Recolecci√≥n Pi,TIJUANA RIO D,TECATE,SOLUCIONIKA 3,SLKE3TIJT2283,Hector Cain Valles Medina,46297.46569,46300.57132,Terminada,NA,NA,NA
140526513,446221332,OS-66372510,38906517,Recolecci√≥n Pi,TIJUANA RIO D,VILLA DEL CAMPO,SOLUCIONIKA 3,SLKE3TIJT2234,Erik Belisario Ferrer Cruz,46296.62115,46300.5356,Terminada,NA,NA,NA
143852635,NA,OS-66494530,39015574,Instalaci√≥n,TIJUANA RIO D,FONTANA,SOLUCIONIKA 3,SLKE3TIJT2175,Josue Rodriguez Castillo,46300.61646,46300.80454,Terminada,NA,NA,NA
200391360,1,NA,39011033,Hallazgo Empresarial,TIJUANA RIO D,DOS MIL,SOLUCIONIKA 3,SLKE3TIJT2175,Josue Rodriguez Castillo,46300.52889,46300.5777,Terminada,NA,NA,NA
113448094,447068270,OS-66490175,39010116,Cambio De Domicilio,TIJUANA RIO D,PATRIA NUEVA,SOLUCIONIKA 3,SLKE3TIJT2175,Josue Rodriguez Castillo,46300.5113,46300.66449,Terminada,NA,NA,NA
143850491,NA,OS-66487401,39006636,Instalaci√≥n,TIJUANA RIO D,VILLA DEL CAMPO,SOLUCIONIKA 3,SLKE3TIJT2276,Oscar Espino Valle,46300.45132,46300.77126,Terminada,NA,NA,NA
143851724,NA,OS-66494835,39015966,Instalaci√≥n,TIJUANA RIO D,VILLA DEL CAMPO,SOLUCIONIKA 3,SLKE3TIJT2276,Oscar Espino Valle,46300.62497,46300.84536,Terminada,NA,NA,NA
143574674,447051896,OS-66488877,39008547,Cambio De Domicilio,TIJUANA RIO D,COLINAS DEL FLORIDO,SOLUCIONIKA 3,SLKE3TIJT2276,Oscar Espino Valle,46300.48361,46300.64604,Terminada,NA,NA,NA
200106728,1,NA,39020163,Hallazgo Empresarial,TIJUANA RIO D,ROSAS MAGALLON,SOLUCIONIKA 3,SLKE3TIJT2211,Cesar Eduardo Soto Arriaga,46300.70492,46300.7734,Terminada,NA,NA,NA
143852689,NA,OS-66493197,39013936,Instalaci√≥n,TIJUANA RIO D,VILLA DEL CAMPO,SOLUCIONIKA 3,SLKE3TIJT2197,Carlos Antonio Navarrete Polanco,46300.58468,46300.73899,Terminada,NA,NA,NA
Hallazgos,1,NA,39011877,Mantenimiento Menor,TIJUANA RIO D,DOS MIL,SOLUCIONIKA 3,SLKE3TIJT2197,Carlos Antonio Navarrete Polanco,46300.54494,46300.59995,Terminada,NA,NA,NA
Hallazgos,1,NA,39011863,Mantenimiento Menor,TIJUANA RIO D,DOS MIL,SOLUCIONIKA 3,SLKE3TIJT2197,Carlos Antonio Navarrete Polanco,46300.54464,46300.60029,Terminada,NA,NA,NA
111624877,446562248,OS-66411590,38944297,Addons,TIJUANA RIO D,VILLA DEL CAMPO,SOLUCIONIKA 3,SLKE3TIJT2197,Carlos Antonio Navarrete Polanco,46297.93115,46300.65164,Terminada,NA,NA,NA
143844032,NA,OS-66439341,38968233,Instalaci√≥n,TIJUANA RIO D,PATRIA NUEVA,ECO TELECOM 3,ECOE3TIJT4299,Luis Angel Cuen Valencia,46298.75174,46300.69198,Terminada,NA,NA,NA
143847999,NA,OS-66468370,38990347,Instalaci√≥n,TIJUANA RIO D,AMPLIACION MAGISTERIAL 1,TETSI 3,TETE3TIJT2050,Louis Ramos Cruz,46299.68003,46300.52131,Terminada,NA,NA,NA
143847248,NA,OS-66470128,38992319,Instalaci√≥n,TIJUANA RIO D,PATRIA NUEVA,ECO TELECOM 3,ECOE3TIJT4299,Luis Angel Cuen Valencia,46299.77414,46300.60345,Terminada,NA,NA,NA
143850256,NA,OS-66486892,39005956,Instalaci√≥n,TIJUANA RIO D,VILLA DEL CAMPO,SLUTEN 3,SLUM3NTET0119,Javier Velez Castillo,46300.43852,46300.78181,Terminada,NA,NA,NA
143850462,NA,OS-66487079,39006217,Instalaci√≥n,TIJUANA RIO D,PATRIA NUEVA,SOLUCIONIKA 3,SLKE3TIJT4224,Jesus Alfonso Rosales Gonzalez,46300.44336,46300.63355,Terminada,NA,NA,NA
143849500,NA,OS-66483934,39002403,Instalaci√≥n,TIJUANA RIO D,DOS MIL,SLUTEN 3,SLUM3NTET0144,Alberto Martinez Ortiz,46300.36493,46300.56971,Terminada,NA,NA,NA
143854503,NA,OS-66498347,39020318,Instalaci√≥n,TIJUANA RIO D,VILLA DEL CAMPO_A,SLUTEN 3,SLUM3NTET0144,Alberto Martinez Ortiz,46300.70899,46300.90177,Terminada,NA,NA,NA
143850325,NA,OS-66486975,39006070,Instalaci√≥n,TIJUANA RIO D,VILLA DEL CAMPO,JELTM ASESORES FISCALES SA DE CV 3,JELM3NTET0104,Cristian Ramirez Paez,46300.44028,46300.59249,Terminada,NA,NA,NA
143844548,NA,OS-66441060,38969999,Instalaci√≥n,TIJUANA RIO D,TECATE_A,SLUTEN 3,SLUM3NTET0119,Javier Velez Castillo,46298.87649,46300.59796,Terminada,NA,NA,NA
143849695,NA,OS-66484761,39003397,Instalaci√≥n,TIJUANA RIO D,DOS MIL,JELTM ASESORES FISCALES SA DE CV 3,JELM3NTET0103,Eric Alberto Alvarez Cruz,46300.38853,46300.55295,Terminada,NA,NA,NA
143849228,NA,OS-66482996,39001139,Instalaci√≥n,TIJUANA RIO D,PATRIA NUEVA,TETSI 3,TETE3TIJT2049,Sergio Alberto Serrano Alvarado,46300.33207,46300.85608,Terminada,NA,NA,NA
143849702,NA,OS-66484680,39003301,Instalaci√≥n,TIJUANA RIO D,AGUA CALIENTE,ECO TELECOM,ECOD1TIJT2018,Guillermo Nava Camacho,46300.3864,46300.55583,Terminada,NA,NA,NA
143850565,NA,OS-66488783,39008433,Instalaci√≥n,TIJUANA RIO D,ROSAS MAGALLON,ECO TELECOM,ECOD1TIJT2018,Guillermo Nava Camacho,46300.48131,46300.85587,Terminada,NA,NA,NA
143854028,NA,OS-66496734,39018393,Instalaci√≥n,TIJUANA RIO D,DOS MIL,SOLUCIONIKA 3,SLKE3TIJT4231,Joaquin Alberto Acuna Ochoa,46300.67145,46300.82582,Terminada,NA,NA,NA
143851315,NA,OS-66490388,39010405,Instalaci√≥n,TIJUANA RIO D,VILLA DEL CAMPO_A,SOLUCIONIKA 3,SLKE3TIJT4231,Joaquin Alberto Acuna Ochoa,46300.51606,46300.71743,Terminada,NA,NA,NA
143847997,NA,OS-66468602,38990621,Instalaci√≥n,TIJUANA RIO D,PATRIA NUEVA,ECO TELECOM 3,ECOE3TIJT4290,Omar Nava Nava,46299.69053,46300.83093,Terminada,NA,NA,NA
143853501,NA,OS-66495760,39017178,Instalaci√≥n,TIJUANA RIO D,DOS MIL,SOLUCIONIKA 3,SLKE3TIJT4228,Jose Alberto Agustin Gaytan,46300.64638,46300.94131,Terminada,NA,NA,NA
143853814,NA,OS-66495978,39017452,Instalaci√≥n,TIJUANA RIO D,PATRIA NUEVA,ECO TELECOM 3,ECOE3TIJT4289,Roberto Ramirez Lopez,46300.65156,46300.97623,Terminada,NA,NA,NA
143851750,NA,OS-66490935,39011055,Instalaci√≥n,TIJUANA RIO D,CERRO COLORADO,ECO TELECOM 3,ECOE3TIJT4289,Roberto Ramirez Lopez,46300.52956,46300.8211,Terminada,NA,NA,NA
143847691,NA,OS-66467399,39001797,Instalaci√≥n,TIJUANA RIO D,AMPLIACION PATRIA NUEVA 3,JELTM ASESORES FISCALES SA DE CV 3,JELM3NTET0101,Marco Antonio Perez Abundiz,46300.34957,46300.80683,Terminada,NA,NA,NA
143849614,NA,OS-66484405,39002970,Instalaci√≥n,TIJUANA RIO D,AGUA CALIENTE,ECO TELECOM 3,ECOE3TIJT4297,Felipe Gonzalez Ramos,46300.37825,46300.75854,Terminada,NA,NA,NA
143852419,NA,OS-66492664,39013273,Instalaci√≥n,TIJUANA RIO D,CERRO COLORADO,ECO TELECOM,ECOD1TIJT2019,Marcos Pacheco Martinez De La Vega,46300.57083,46300.86179,Terminada,NA,NA,NA
143831544,NA,OS-66373082,39003694,Instalaci√≥n,TIJUANA RIO D,PACIFICO,ECO TELECOM,ECOD1TIJT2020,Victor Rafael Gonzalez Bonilla,46300.39513,46300.64397,Terminada,NA,NA,NA
143851388,NA,OS-66490462,39010487,Instalaci√≥n,TIJUANA RIO D,VILLA DEL CAMPO,SOLUCIONIKA 3,SLKE3TIJT4235,Miguel Angel Sanchez Martinez,46300.51769,46300.73507,Terminada,NA,NA,NA
143854273,NA,OS-66497458,39019276,Instalaci√≥n,TIJUANA RIO D,CERRO COLORADO,JELTM ASESORES FISCALES SA DE CV 3,JELM3NTET0111,Jorge Rigoberto Calderon Conde,46300.68706,46300.90764,Terminada,NA,NA,NA
143850366,NA,OS-66486748,39005767,Instalaci√≥n,TIJUANA RIO D,MAGISTERIAL,JELTM ASESORES FISCALES SA DE CV 3,JELM3NTET0111,Jorge Rigoberto Calderon Conde,46300.43468,46300.76139,Terminada,NA,NA,NA
143849463,NA,OS-66483718,39002128,Instalaci√≥n,TIJUANA RIO D,AGUA CALIENTE,ECO TELECOM 3,ECOE3TIJT4305,Victor Manuel Cruz Escobar,46300.35877,46300.50206,Terminada,NA,NA,NA
143851849,NA,OS-66492138,39012617,Instalaci√≥n,TIJUANA RIO D,MATAMOROS,SOLUCIONIKA 3,SLKE3TIJT4224,Jesus Alfonso Rosales Gonzalez,46300.5578,46300.73075,Terminada,NA,NA,NA
143849612,NA,OS-66484209,39002746,Instalaci√≥n,TIJUANA RIO D,PATRIA NUEVA,ECO TELECOM 3,ECOE3TIJT4299,Luis Angel Cuen Valencia,46300.37329,46300.84288,Terminada,NA,NA,NA
143850762,NA,OS-66488181,39007684,Instalaci√≥n,TIJUANA RIO D,PACIFICO,JELTM ASESORES FISCALES SA DE CV 3,JELM3NTET0109,Armando Uriel Vazquez Garcia,46300.46824,46300.79788,Terminada,NA,NA,NA
143853733,NA,OS-66497220,39018990,Instalaci√≥n,TIJUANA RIO D,OTAY,ECO TELECOM 3,ECOE3TIJT4300,David Eduardo Solano Caballero,46300.68157,46300.88678,Terminada,NA,NA,NA
143851322,NA,OS-66490307,39010304,Instalaci√≥n,TIJUANA RIO D,TECATE,SLUTEN 3,SLUM3NTET0143,Jose Javier Solis Hernandez,46300.51439,46300.88281,Terminada,NA,NA,NA
143850609,NA,OS-66487953,39007390,Instalaci√≥n,TIJUANA RIO D,TECATE,SLUTEN 3,SLUM3NTET0143,Jose Javier Solis Hernandez,46300.46337,46300.61869,Terminada,NA,NA,NA
143854128,NA,OS-66496878,39018582,Instalaci√≥n,TIJUANA RIO D,PACIFICO,JELTM ASESORES FISCALES SA DE CV 3,JELM3NTET0108,Brandon Leonel Palacios Lorenzana,46300.67398,46301.46153,Terminada,NA,NA,NA
143854681,NA,OS-66498953,39021052,Instalaci√≥n,TIJUANA RIO D,COLINAS DEL FLORIDO,SOLUCIONIKA 3,SLKE3TIJT4230,Gustavo Contreras Benitez,46300.72671,46301.50341,Terminada,NA,NA,NA
143850674,NA,OS-66487805,39007192,Instalaci√≥n,TIJUANA RIO D,PACIFICO,ECO TELECOM 3,ECOE3TIJT4298,Victor Hugo Miranda Gomez,46300.46,46300.91241,Terminada,NA,NA,NA
143851291,NA,OS-66489497,39009293,Instalaci√≥n,TIJUANA RIO D,MATAMOROS,JELTM ASESORES FISCALES SA DE CV 3,JELM3NTET0103,Eric Alberto Alvarez Cruz,46300.49704,46300.71966,Terminada,NA,NA,NA
200915433,1,NA,38990984,Hallazgo Empresarial,TIJUANA RIO D,AMPLIACION MAGISTERIAL 1,TETSI 3,TETE3TIJT2050,Louis Ramos Cruz,46299.7058,46300.58288,Terminada,NA,NA,NA
106713260,447056725,OS-66489134,39008845,Cambio De Equipo,TIJUANA RIO D,PACIFICO,ECO TELECOM 3,ECOE3TIJT4290,Omar Nava Nava,46300.48944,46300.64355,Terminada,NA,NA,NA
Hallazgos,1,NA,39011962,Mantenimiento Mayor,TIJUANA RIO D,PATRIA NUEVA,ITAI 3,ITAMTTIJT1021,Gustavo Angel Gonzalez Amaro,46300.54634,46300.71095,Terminada,NA,NA,NA
Hallazgos,1,NA,39002455,Mantenimiento Mayor,TIJUANA RIO D,PATRIA NUEVA,ITAI 3,ITAMTTIJT1021,Gustavo Angel Gonzalez Amaro,46300.36578,46300.54512,Terminada,NA,NA,NA
102330163,446951578,OS-66470432,38992637,Cambio De Equipo,TIJUANA RIO D,AGUA CALIENTE,ECO TELECOM 3,ECOE3TIJT4302,Carlos De Jesus Rodriguez Gonzalez,46299.79899,46300.52604,Terminada,NA,NA,NA
115988803,447016622,OS-66485956,39004821,Addons,TIJUANA RIO D,AGUA CALIENTE,ECO TELECOM 3,ECOE3TIJT2312,Miguel Angel Ocampo Gutierrez,46300.41765,46300.62302,Terminada,NA,NA,NA
111337644,446827726,OS-66457516,38981160,Recolecci√≥n Pi,TIJUANA RIO D,AGUA CALIENTE,ECO TELECOM,ECOD1TIJT2018,Guillermo Nava Camacho,46299.41742,46300.59348,Terminada,NA,NA,NA
103012386,446652080,OS-66430353,38957529,Addons,TIJUANA RIO D,AGUA CALIENTE,ECO TELECOM 3,ECOE3TIJT4302,Carlos De Jesus Rodriguez Gonzalez,46298.47716,46300.58551,Terminada,NA,NA,NA
102398606,446366867,OS-66395995,38924971,Recolecci√≥n Pi,TIJUANA RIO D,CERRO COLORADO,JELTM ASESORES FISCALES SA DE CV 3,JELM3NTET0104,Cristian Ramirez Paez,46297.39105,46301.42662,Terminada,NA,NA,NA
141772969,446538042,OS-66408984,38941563,Cambio De Domicilio,TIJUANA RIO D,DOS MIL,SOLUCIONIKA 3,SLKE3TIJT4231,Joaquin Alberto Acuna Ochoa,46297.7556,46300.56264,Terminada,NA,NA,NA
105291496,447152214,OS-66497520,39019353,Recolecci√≥n Pi,TIJUANA RIO D,DOS MIL,SOLUCIONIKA 3,SLKR3TIJT0102,Jonathan Gabriel Rojas Pastrana,46300.68868,46301.45096,Terminada,NA,NA,NA
143768716,446836124,OS-66458173,38981960,Cambio De Domicilio,TIJUANA RIO D,FONTANA,SOLUCIONIKA 3,SLKE3TIJT4236,Mario Rosas Medrano,46299.44157,46300.75367,Terminada,NA,NA,NA
101781477,446816568,OS-66456797,38980320,Recolecci√≥n Pi,TIJUANA RIO D,LOMAS DE VIRREY,JELTM ASESORES FISCALES SA DE CV 3,JELM3NTET0104,Cristian Ramirez Paez,46299.38612,46300.47755,Terminada,NA,NA,NA
141580127,446609175,OS-66427554,38954102,Recolecci√≥n Pi,TIJUANA RIO D,MATAMOROS,JELTM ASESORES FISCALES SA DE CV 3,JELM3NTET0108,Brandon Leonel Palacios Lorenzana,46298.39079,46300.55819,Terminada,NA,NA,NA
106237904,447053597,OS-66488920,39008602,Recolecci√≥n Pi,TIJUANA RIO D,MATAMOROS,SOLUCIONIKA 3,SLKR3TIJT0102,Jonathan Gabriel Rojas Pastrana,46300.48456,46301.48672,Terminada,NA,NA,NA
102525420,446693261,OS-66433432,38961291,Cambio De Equipo,TIJUANA RIO D,OTAY,ECO TELECOM 3,ECOE3TIJT4299,Luis Angel Cuen Valencia,46298.55406,46300.62718,Terminada,NA,NA,NA
125768069,446923690,OS-66468192,38990140,Cambio De Plan,TIJUANA RIO D,OTAY,JELTM ASESORES FISCALES SA DE CV 3,JELM3NTET0108,Brandon Leonel Palacios Lorenzana,46299.67245,46300.63705,Terminada,NA,NA,NA
128611476,446907076,OS-66466496,38988377,Recolecci√≥n Pi,TIJUANA RIO D,OTAY,ECO TELECOM,ECOD1TIJT2018,Guillermo Nava Camacho,46299.61388,46300.62567,Terminada,NA,NA,NA
107360227,446678069,OS-66432237,38959816,Cambio De Equipo,TIJUANA RIO D,PACIFICO,ECO TELECOM,ECOD1TIJT2019,Marcos Pacheco Martinez De La Vega,46298.52343,46300.65411,Terminada,NA,NA,NA
104562319,446742264,OS-66437720,38966413,Recolecci√≥n Pi,TIJUANA RIO D,PACIFICO,ECO TELECOM 3,ECOE3TIJT4291,Jose Alfredo Peinado Soto,46298.68463,46300.6434,Terminada,NA,NA,NA
102394712,446409670,OS-66399521,38929291,Cambio De Equipo,TIJUANA RIO D,PACIFICO,ECO TELECOM 3,ECOE3TIJT4298,Victor Hugo Miranda Gomez,46297.48557,46300.70889,Terminada,NA,NA,NA
143162307,446443267,OS-66401426,38931906,Recolecci√≥n Pi,TIJUANA RIO D,PACIFICO,ECO TELECOM 3,ECOE3TIJT4301,Luis Enrique Salinas Saenz,46297.53816,46300.66832,Terminada,NA,NA,NA
114865241,447203124,OS-66502824,39025116,Cambio De Domicilio,TIJUANA RIO D,ROSAS MAGALLON,JELTM ASESORES FISCALES SA DE CV 3,JELM3NTET0109,Armando Uriel Vazquez Garcia,46300.92691,46301.5037,Terminada,NA,NA,NA
120057855,446904863,OS-66462947,38987607,Cambio De Domicilio,TIJUANA RIO D,ROSAS MAGALLON,ECO TELECOM 3,ECOE3TIJT4298,Victor Hugo Miranda Gomez,46299.60539,46300.60698,Terminada,NA,NA,NA
129927774,446879393,OS-66461297,38985637,Cambio De Equipo,TIJUANA RIO D,ROSAS MAGALLON,ECO TELECOM 3,ECOE3TIJT4300,David Eduardo Solano Caballero,46299.54369,46300.67036,Terminada,NA,NA,NA
140846386,445774710,OS-66314613,38854627,Recolecci√≥n Pi,TIJUANA RIO D,ROSAS MAGALLON,ECO TELECOM,ECOD1TIJT2018,Guillermo Nava Camacho,46294.81454,46300.65324,Terminada,NA,NA,NA
140623031,446995362,OS-66484284,39002830,Recolecci√≥n Pi,TIJUANA RIO D,ROSAS MAGALLON,ECO TELECOM 3,ECOE3TIJT4301,Luis Enrique Salinas Saenz,46300.37534,46300.63156,Terminada,NA,NA,NA
143093805,446767953,OS-66439967,38968894,Recolecci√≥n Pi,TIJUANA RIO D,ROSAS MAGALLON,ECO TELECOM 3,ECOE3TIJT4301,Luis Enrique Salinas Saenz,46298.78701,46300.5985,Terminada,NA,NA,NA
140302703,446658696,OS-66430701,38957958,Cambio De Domicilio,TIJUANA RIO D,ROSAS MAGALLON,ECO TELECOM 3,ECOE3TIJT4305,Victor Manuel Cruz Escobar,46298.48656,46300.59756,Terminada,NA,NA,NA
141835859,447049533,OS-66488588,39008179,Recolecci√≥n Pi,TIJUANA RIO D,TECATE_3_A,SLUTEN 3,SLUM3NTET0119,Javier Velez Castillo,46300.47707,46300.62519,Terminada,NA,NA,NA
140261515,447102923,OS-66492961,39013648,Recolecci√≥n Pi,TIJUANA RIO D,VILLA DEL CAMPO,SOLUCIONIKA 3,SLKE3TIJT4235,Miguel Angel Sanchez Martinez,46300.57828,46300.75354,Terminada,NA,NA,NA
109522507,446487328,OS-66405031,38936467,Cambio De Equipo,TIJUANA RIO D,VILLA DEL CAMPO,SOLUCIONIKA 3,SLKE3TIJT4230,Gustavo Contreras Benitez,46297.64042,46300.57756,Terminada,NA,NA,NA
129641595,446935226,OS-66469036,38991135,Recolecci√≥n Pi,TIJUANA RIO D,VILLA DEL CAMPO,JELTM ASESORES FISCALES SA DE CV 3,JELM3NTET0104,Cristian Ramirez Paez,46299.71194,46300.614,Terminada,NA,NA,NA
141968886,446928346,OS-66468520,38990526,Cambio De Equipo,TIJUANA RIO D,VILLA DEL CAMPO_A,SOLUCIONIKA 3,SLKE3TIJT4235,Miguel Angel Sanchez Martinez,46299.68755,46300.52809,Terminada,NA,NA,NA
140966692,447189330,OS-66501032,39023308,Soporte,TIJUANA RIO D,PACIFICO,ECO TELECOM 3,ECOE3TIJT4301,Luis Enrique Salinas Saenz,46300.79934,46301.46293,Terminada,NA,NA,NA
